D,M,N,__pyience_timestamp__,bias,corr,cossim,d,method,muls,ncodebooks,nlookups,normalized_mse,raw_mse,secs,task_id,trial,y_mean,y_std,yhat_std
75,1,48400,2019-12-31T22_33_19,583.5667724609375,-0.6680088639259338,-0.9626814126968384,1.0,HashJL,3678475,,,23.3767032623291,372452.53125,0.8309687740402296,Caltech 0 (helicopter),0,407.1923522949219,126.22455596923828,67.60003662109375
75,1,48400,2019-12-31T22_33_19,386.45648193359375,0.7300875782966614,0.889087975025177,1.0,HashJL,3678475,,,12.177545547485352,159742.0625,0.024116819025948644,Caltech 1 (helicopter),0,410.9469909667969,114.53276824951172,18.29029083251953
75,1,48400,2019-12-31T22_33_19,-162.84352111816406,0.975433886051178,0.9963682889938354,1.0,HashJL,3678475,,,1.1408724784851074,31944.478515625,0.023564504110254347,Caltech 2 (helicopter),0,399.8107299804688,167.33213806152344,226.99957275390625
75,1,48400,2019-12-31T22_38_17,-91.81226348876952,-0.33685535192489624,0.8762272596359253,1.0,PCA,3678400,,,3.855168342590332,44589.77734375,0.0001688490156084299,Caltech 3 (helicopter),0,320.2111511230469,107.54642486572266,124.72734832763672
75,1,48400,2019-12-31T22_38_17,79.42129516601562,0.3918736577033997,0.9247589707374572,1.0,PCA,3678400,,,1.0304255485534668,45419.81640625,0.000204038922674954,Caltech 4 (helicopter),0,491.4447021484375,209.9492645263672,124.72734832763672
75,1,48400,2019-12-31T22_38_17,175.6529998779297,0.4844166934490204,0.9308894276618958,1.0,PCA,3678400,,,1.2110000848770142,83860.8984375,0.00015246204566210508,Caltech 5 (helicopter),0,587.6764526367188,263.152587890625,124.72734832763672
75,1,48400,2019-12-31T22_38_17,-129.75947570800778,0.2859487533569336,0.9411494731903076,1.0,PCA,3678400,,,4.768961429595947,33432.4140625,0.000211340025998652,Caltech 6 (helicopter),0,282.263916015625,83.72824096679688,124.72734832763672
75,1,48400,2019-12-31T22_38_17,100.80289459228516,0.2418999522924423,0.9123093485832214,1.0,PCA,3678400,,,1.2960658073425293,57125.8125,0.00015623692888766527,Caltech 7 (helicopter),0,512.8262939453125,209.9436187744141,124.72734832763672
75,1,48400,2019-12-31T22_38_17,24.74140167236328,0.33312106132507324,0.8755252361297607,1.0,PCA,3678400,,,0.9230945110321044,59806.48828125,0.0002047920133918524,Caltech 8 (helicopter),0,436.7648010253906,254.5370941162109,124.72734832763672
75,1,48400,2019-12-31T22_38_17,-173.01959228515625,-0.035065650939941406,0.8117618560791016,1.0,PCA,3678400,,,3.1996512413024902,68029.796875,0.00015105493366718292,Caltech 9 (helicopter),0,239.0037841796875,145.8136749267578,124.72734832763672
75,1,48400,2019-12-31T22_47_37,7.375080585479736,0.9863800406455994,0.9984738826751708,,Bolt,58080000,4.0,193600.0,0.04202040284872055,669.495849609375,0.7821921050781384,Caltech 0 (helicopter),0,407.1923522949219,126.22455596923828,110.93890380859376
75,1,48400,2019-12-31T22_47_37,11.129694938659668,0.11017164587974547,0.936125636100769,,Bolt,58080000,4.0,193600.0,1.7342413663864136,22749.353515625,0.0011825789697468279,Caltech 1 (helicopter),0,410.9469909667969,114.53276824951172,110.93890380859376
75,1,48400,2019-12-31T22_47_37,-0.0065250517800450325,0.475901871919632,0.938007950782776,,Bolt,58080000,4.0,193600.0,0.8085181713104248,22638.54296875,0.0012538820737972856,Caltech 2 (helicopter),0,399.8107299804688,167.33213806152344,110.93890380859376
75,1,48400,2019-12-31T22_47_37,-79.60616302490234,-0.328085720539093,0.8855210542678833,,Bolt,58080000,4.0,193600.0,3.288853645324707,38039.6484375,0.0012526659993454814,Caltech 3 (helicopter),0,320.2111511230469,107.54642486572266,110.93890380859376
75,1,48400,2019-12-31T22_47_37,91.62740325927734,0.3368636667728424,0.921502947807312,,Bolt,58080000,4.0,193600.0,1.113680124282837,49089.56640625,0.0011431979946792126,Caltech 4 (helicopter),0,491.4447021484375,209.9492645263672,110.93890380859376
75,1,48400,2019-12-31T22_47_37,187.8590850830078,0.4712401628494263,0.9309425354003906,,Bolt,58080000,4.0,193600.0,1.2900235652923584,89333.2109375,0.0013015809236094356,Caltech 5 (helicopter),0,587.6764526367188,263.152587890625,110.93890380859376
75,1,48400,2019-12-31T22_47_37,-117.55337524414062,0.2739063799381256,0.9446340203285216,,Bolt,58080000,4.0,193600.0,4.000927925109863,28048.1796875,0.0011413979809731245,Caltech 6 (helicopter),0,282.263916015625,83.72824096679688,110.93890380859376
75,1,48400,2019-12-31T22_47_37,113.00899505615234,0.18839338421821594,0.9108427166938782,,Bolt,58080000,4.0,193600.0,1.3698757886886597,60379.08203125,0.0013462300412356851,Caltech 7 (helicopter),0,512.8262939453125,209.9436187744141,110.93890380859376
75,1,48400,2019-12-31T22_47_37,36.94751739501953,0.2741455137729645,0.8694389462471008,,Bolt,58080000,4.0,193600.0,0.9720612168312072,62979.0,0.0011091299820691347,Caltech 8 (helicopter),0,436.7648010253906,254.5370941162109,110.93890380859376
75,1,48400,2019-12-31T22_47_37,-160.81349182128906,-0.037226777523756034,0.8174065351486206,,Bolt,58080000,4.0,193600.0,2.851824760437012,60634.44140625,0.0013670040061697366,Caltech 9 (helicopter),0,239.0037841796875,145.8136749267578,110.93890380859376
75,1,48400,2019-12-31T22_47_37,-74.62470245361328,0.15104056894779205,0.9020493030548096,,Bolt,58080000,4.0,193600.0,1.6858508586883545,32502.7578125,0.0011691439431160688,Caltech 10 (ibis),0,325.1925964355469,138.85148620605472,110.93890380859376
75,1,48400,2019-12-31T22_47_37,114.99243927001952,-0.024334732443094254,0.92028146982193,,Bolt,58080000,4.0,193600.0,2.0832889080047607,50718.62109375,0.001335020991973579,Caltech 11 (ibis),0,514.8097534179689,156.03030395507812,110.93890380859376
75,1,48400,2019-12-31T22_47_37,-71.66975402832031,0.027908675372600555,0.8109753131866455,,Bolt,58080000,4.0,193600.0,1.3512715101242063,62001.08984375,0.0012181750498712065,Caltech 12 (ibis),0,328.1475524902344,214.20437622070312,110.93890380859376
75,1,48400,2019-12-31T22_47_37,-171.58973693847656,-0.2813803553581238,0.6660772562026978,,Bolt,58080000,4.0,193600.0,2.294632911682129,96717.375,0.0011370659340173006,Caltech 13 (ibis),0,228.2275695800781,205.30316162109366,110.93890380859376
75,1,48400,2019-12-31T22_47_37,-203.70802307128903,0.12267360091209413,0.8592445850372314,,Bolt,58080000,4.0,193600.0,5.32988977432251,62599.6171875,0.0012769760796800256,Caltech 14 (ibis),0,196.1092529296875,108.37440490722656,110.93890380859376
75,1,48400,2019-12-31T22_47_37,-230.84132385253903,0.12942756712436676,0.7395704984664917,,Bolt,58080000,4.0,193600.0,3.650713205337525,84330.2421875,0.0011894110357388856,Caltech 15 (ibis),0,168.9759521484375,151.98573303222656,110.93890380859376
75,1,48400,2019-12-31T22_47_37,-46.23270797729492,0.04597216844558717,0.90567284822464,,Bolt,58080000,4.0,193600.0,1.7319968938827517,30952.06640625,0.0012119340244680645,Caltech 16 (ibis),0,353.5845947265625,133.68148803710938,110.93890380859376
75,1,48400,2019-12-31T22_47_37,-96.13297271728516,-0.30787190794944763,0.818545937538147,,Bolt,58080000,4.0,193600.0,2.3132710456848145,56814.64453125,0.0013295159442350268,Caltech 17 (ibis),0,303.684326171875,156.71728515625,110.93890380859376
75,1,48400,2019-12-31T22_47_37,-53.99045944213867,-0.10402979701757432,0.8611930608749391,,Bolt,58080000,4.0,193600.0,1.7256122827529907,45072.5703125,0.0011544970329850912,Caltech 18 (ibis),0,345.82684326171875,161.61607360839844,110.93890380859376
75,1,48400,2019-12-31T22_47_37,-91.98908996582031,-0.0989510864019394,0.9285280704498292,,Bolt,58080000,4.0,193600.0,4.80686092376709,28354.3828125,0.0012863520532846444,Caltech 19 (ibis),0,307.8282165527344,76.8031997680664,110.93890380859376
75,1,48400,2019-12-31T22_48_25,6.477729797363281,0.991576075553894,0.9986879825592041,,Bolt,58080000,8.0,387200.0,0.03696499019861221,588.9497680664062,0.9377540999557824,Caltech 0 (helicopter),0,407.1923522949219,126.22455596923828,108.43711853027344
75,1,48400,2019-12-31T22_48_25,10.232346534729004,0.10811340808868407,0.937423586845398,,Bolt,58080000,8.0,387200.0,1.6996514797210691,22295.611328125,0.0022619159426540136,Caltech 1 (helicopter),0,410.9469909667969,114.53276824951172,108.43711853027344
75,1,48400,2019-12-31T22_48_25,-0.903876543045044,0.481106162071228,0.9389570355415344,,Bolt,58080000,8.0,387200.0,0.7964311838150024,22300.107421875,0.0017852890305221079,Caltech 2 (helicopter),0,399.8107299804688,167.33213806152344,108.43711853027344
75,1,48400,2019-12-31T22_48_25,-80.50350952148438,-0.32751843333244324,0.8878101706504822,,Bolt,58080000,8.0,387200.0,3.2374167442321777,37444.71875,0.0018343139672651887,Caltech 3 (helicopter),0,320.2111511230469,107.54642486572266,108.43711853027344
75,1,48400,2019-12-31T22_48_25,90.73004913330078,0.346859335899353,0.923264503479004,,Bolt,58080000,8.0,387200.0,1.0952192544937134,48275.8359375,0.002713034045882523,Caltech 4 (helicopter),0,491.4447021484375,209.9492645263672,108.43711853027344
75,1,48400,2019-12-31T22_48_25,186.96176147460938,0.4678457975387573,0.9309334754943848,,Bolt,58080000,8.0,387200.0,1.2889984846115112,89262.2265625,0.002178499940782785,Caltech 5 (helicopter),0,587.6764526367188,263.152587890625,108.43711853027344
75,1,48400,2019-12-31T22_48_25,-118.45072174072266,0.2747669517993927,0.9458350539207458,,Bolt,58080000,8.0,387200.0,3.9669883251190186,27810.248046875,0.0018794439965859056,Caltech 6 (helicopter),0,282.263916015625,83.72824096679688,108.43711853027344
75,1,48400,2019-12-31T22_48_25,112.11164093017578,0.19704873859882355,0.9128203988075256,,Bolt,58080000,8.0,387200.0,1.3483896255493164,59432.0546875,0.0018408329924568527,Caltech 7 (helicopter),0,512.8262939453125,209.9436187744141,108.43711853027344
75,1,48400,2019-12-31T22_48_25,36.0501594543457,0.28575584292411804,0.8715730309486389,,Bolt,58080000,8.0,387200.0,0.9580758213996888,62072.8984375,0.0017360530328005552,Caltech 8 (helicopter),0,436.7648010253906,254.5370941162109,108.43711853027344
75,1,48400,2019-12-31T22_48_25,-161.7108612060547,-0.04234834760427475,0.8182688355445862,,Bolt,58080000,8.0,387200.0,2.845964193344116,60509.83203125,0.0018684150418266648,Caltech 9 (helicopter),0,239.0037841796875,145.8136749267578,108.43711853027344
75,1,48400,2019-12-31T22_48_25,-75.52206420898438,0.14883333444595334,0.90300852060318,,Bolt,58080000,8.0,387200.0,1.6732625961303709,32260.05859375,0.0017396709881722927,Caltech 10 (ibis),0,325.1925964355469,138.85148620605472,108.43711853027344
75,1,48400,2019-12-31T22_48_25,114.0950927734375,-0.01954439841210841,0.9223018884658812,,Bolt,58080000,8.0,387200.0,2.044862985610962,49783.12109375,0.0018687120173126461,Caltech 11 (ibis),0,514.8097534179689,156.03030395507812,108.43711853027344
75,1,48400,2019-12-31T22_48_25,-72.56710815429688,0.04141608998179437,0.8142222166061401,,Bolt,58080000,8.0,387200.0,1.3291071653366089,60984.109375,0.0017794519662857056,Caltech 12 (ibis),0,328.1475524902344,214.20437622070312,108.43711853027344
75,1,48400,2019-12-31T22_48_25,-172.48709106445312,-0.28267279267311096,0.6682641506195068,,Bolt,58080000,8.0,387200.0,2.28344464302063,96245.8046875,0.002354964031837881,Caltech 13 (ibis),0,228.2275695800781,205.30316162109366,108.43711853027344
75,1,48400,2019-12-31T22_48_25,-204.6053771972656,0.1228870153427124,0.8603821992874146,,Bolt,58080000,8.0,387200.0,5.319593906402588,62478.6953125,0.0019057750469073653,Caltech 14 (ibis),0,196.1092529296875,108.37440490722656,108.43711853027344
75,1,48400,2019-12-31T22_48_25,-231.7386932373047,0.11978840827941895,0.7386075258255005,,Bolt,58080000,8.0,387200.0,3.6629390716552734,84612.65625,0.002065454958938062,Caltech 15 (ibis),0,168.9759521484375,151.98573303222656,108.43711853027344
75,1,48400,2019-12-31T22_48_25,-47.13006210327149,0.058150701224803925,0.9082752466201782,,Bolt,58080000,8.0,387200.0,1.6879370212554932,30164.68359375,0.001878487062640488,Caltech 16 (ibis),0,353.5845947265625,133.68148803710938,108.43711853027344
75,1,48400,2019-12-31T22_48_25,-97.03034973144531,-0.3136660754680633,0.8202199935913086,,Bolt,58080000,8.0,387200.0,2.296171188354492,56394.66796875,0.0017362399958074093,Caltech 17 (ibis),0,303.684326171875,156.71728515625,108.43711853027344
75,1,48400,2019-12-31T22_48_25,-54.88781356811523,-0.10930795967578888,0.8624083399772644,,Bolt,58080000,8.0,387200.0,1.7122026681900024,44722.31640625,0.0021599968895316124,Caltech 18 (ibis),0,345.82684326171875,161.61607360839844,108.43711853027344
75,1,48400,2019-12-31T22_48_25,-92.88643646240234,-0.0868983045220375,0.9310739636421204,,Bolt,58080000,8.0,387200.0,4.701462745666504,27732.666015625,0.0018104449845850468,Caltech 19 (ibis),0,307.8282165527344,76.8031997680664,108.43711853027344
75,1,48400,2019-12-31T22_49_10,7.407957077026367,0.99532812833786,0.9991376399993896,,Bolt,58080000,16.0,774400.0,0.02757633663713932,439.36376953125,0.9795110709965228,Caltech 0 (helicopter),0,407.1923522949219,126.22455596923828,110.2747573852539
75,1,48400,2019-12-31T22_49_10,11.162571907043457,0.1179850623011589,0.937031090259552,,Bolt,58080000,16.0,774400.0,1.7093291282653809,22422.560546875,0.0020943840499967337,Caltech 1 (helicopter),0,410.9469909667969,114.53276824951172,110.2747573852539
75,1,48400,2019-12-31T22_49_10,0.02635330520570278,0.4997275173664093,0.9405589103698728,,Bolt,58080000,16.0,774400.0,0.7756462693214417,21718.12890625,0.0020386050455272198,Caltech 2 (helicopter),0,399.8107299804688,167.33213806152344,110.2747573852539
75,1,48400,2019-12-31T22_49_10,-79.57328796386719,-0.3311981558799744,0.8857957124710083,,Bolt,58080000,16.0,774400.0,3.278028964996338,37914.44921875,0.002320357016287744,Caltech 3 (helicopter),0,320.2111511230469,107.54642486572266,110.2747573852539
75,1,48400,2019-12-31T22_49_10,91.6602783203125,0.3586834967136383,0.9239615201950072,,Bolt,58080000,16.0,774400.0,1.089693903923035,48032.28515625,0.0026002509985119104,Caltech 4 (helicopter),0,491.4447021484375,209.9492645263672,110.2747573852539
75,1,48400,2019-12-31T22_49_10,187.8919677734375,0.4586774408817291,0.9296653270721436,,Bolt,58080000,16.0,774400.0,1.3009880781173706,90092.5,0.0021062809973955154,Caltech 5 (helicopter),0,587.6764526367188,263.152587890625,110.2747573852539
75,1,48400,2019-12-31T22_49_10,-117.5205078125,0.2746710479259491,0.9449667930603028,,Bolt,58080000,16.0,774400.0,3.981200218200684,27909.87890625,0.002221032977104187,Caltech 6 (helicopter),0,282.263916015625,83.72824096679688,110.2747573852539
75,1,48400,2019-12-31T22_49_10,113.04187774658205,0.21921861171722407,0.9142191410064696,,Bolt,58080000,16.0,774400.0,1.3355209827423096,58864.8515625,0.0021734919864684343,Caltech 7 (helicopter),0,512.8262939453125,209.9436187744141,110.2747573852539
75,1,48400,2019-12-31T22_49_10,36.98037338256836,0.302962064743042,0.8734453916549683,,Bolt,58080000,16.0,774400.0,0.9462932348251344,61309.515625,0.0020986429881304502,Caltech 8 (helicopter),0,436.7648010253906,254.5370941162109,110.2747573852539
75,1,48400,2019-12-31T22_49_10,-160.78062438964844,-0.035244349390268326,0.8180561065673828,,Bolt,58080000,16.0,774400.0,2.8410801887512207,60405.9921875,0.0020999190164729953,Caltech 9 (helicopter),0,239.0037841796875,145.8136749267578,110.2747573852539
75,1,48400,2019-12-31T22_49_10,-74.59184265136719,0.1440509557723999,0.9016058444976808,,Bolt,58080000,16.0,774400.0,1.690523386001587,32592.841796875,0.0021185650257393718,Caltech 10 (ibis),0,325.1925964355469,138.85148620605472,110.2747573852539
75,1,48400,2019-12-31T22_49_10,115.02530670166016,-0.031191417947411537,0.9201514720916748,,Bolt,58080000,16.0,774400.0,2.0870494842529297,50810.171875,0.0020634779939427968,Caltech 11 (ibis),0,514.8097534179689,156.03030395507812,110.2747573852539
75,1,48400,2019-12-31T22_49_10,-71.63687133789062,0.042674720287323,0.8134391307830809,,Bolt,58080000,16.0,774400.0,1.3329365253448486,61159.8125,0.0029227520572021604,Caltech 12 (ibis),0,328.1475524902344,214.20437622070312,110.2747573852539
75,1,48400,2019-12-31T22_49_10,-171.55685424804688,-0.2787913680076599,0.6671155691146851,,Bolt,58080000,16.0,774400.0,2.2862770557403564,96365.1875,0.002083646017126739,Caltech 13 (ibis),0,228.2275695800781,205.30316162109366,110.2747573852539
75,1,48400,2019-12-31T22_49_10,-203.6751708984375,0.13888007402420044,0.8615971207618713,,Bolt,58080000,16.0,774400.0,5.2847633361816415,62069.60546875,0.002070573042146861,Caltech 14 (ibis),0,196.1092529296875,108.37440490722656,110.2747573852539
75,1,48400,2019-12-31T22_49_10,-230.80845642089844,0.1366027593612671,0.7410212755203247,,Bolt,58080000,16.0,774400.0,3.6344149112701416,83953.7578125,0.002037776983343065,Caltech 15 (ibis),0,168.9759521484375,151.98573303222656,110.2747573852539
75,1,48400,2019-12-31T22_49_10,-46.19983291625977,0.06769252568483353,0.908071219921112,,Bolt,58080000,16.0,774400.0,1.6882280111312866,30169.884765625,0.002157490001991391,Caltech 16 (ibis),0,353.5845947265625,133.68148803710938,110.2747573852539
75,1,48400,2019-12-31T22_49_10,-96.10010528564452,-0.326873391866684,0.8167967796325684,,Bolt,58080000,16.0,774400.0,2.331162929534912,57254.078125,0.0020600970601663,Caltech 17 (ibis),0,303.684326171875,156.71728515625,110.2747573852539
75,1,48400,2019-12-31T22_49_10,-53.95758438110352,-0.11765606701374055,0.8600914478302002,,Bolt,58080000,16.0,774400.0,1.73759126663208,45385.4609375,0.002087172004394233,Caltech 18 (ibis),0,345.82684326171875,161.61607360839844,110.2747573852539
75,1,48400,2019-12-31T22_49_10,-91.95622253417969,-0.08157680183649063,0.930075466632843,,Bolt,58080000,16.0,774400.0,4.729325771331787,27897.021484375,0.0020290000829845667,Caltech 19 (ibis),0,307.8282165527344,76.8031997680664,110.2747573852539
75,1,48400,2019-12-31T22_50_04,3.4937102794647217,0.9989234209060668,0.9999024868011476,,Bolt,58080000,32.0,1548800.0,0.0029185789171606307,46.50065994262695,1.2826932630268857,Caltech 0 (helicopter),0,407.1923522949219,126.22455596923828,126.11414337158205
75,1,48400,2019-12-31T22_50_04,7.2483277320861825,0.12172781676054,0.9292104244232178,,Bolt,58080000,32.0,1548800.0,1.9483932256698608,25558.544921875,0.007734716054983438,Caltech 1 (helicopter),0,410.9469909667969,114.53276824951172,126.11414337158205
75,1,48400,2019-12-31T22_50_04,-3.887897729873657,0.5115445852279663,0.9393918514251708,,Bolt,58080000,32.0,1548800.0,0.7974894046783447,22329.73828125,0.0047426900127902644,Caltech 2 (helicopter),0,399.8107299804688,167.33213806152344,126.11414337158205
75,1,48400,2019-12-31T22_50_04,-83.48753356933594,-0.3314118087291717,0.8733741044998169,,Bolt,58080000,32.0,1548800.0,3.7549939155578613,43431.13671875,0.004991465946659446,Caltech 3 (helicopter),0,320.2111511230469,107.54642486572266,126.11414337158205
75,1,48400,2019-12-31T22_50_04,87.74603271484375,0.3823091983795166,0.922549605369568,,Bolt,58080000,32.0,1548800.0,1.076202392578125,47437.59765625,0.004680444020777941,Caltech 4 (helicopter),0,491.4447021484375,209.9492645263672,126.11414337158205
75,1,48400,2019-12-31T22_50_04,183.97772216796875,0.474165141582489,0.9289411902427672,,Bolt,58080000,32.0,1548800.0,1.2639765739440918,87529.4765625,0.004504355951212346,Caltech 5 (helicopter),0,587.6764526367188,263.152587890625,126.11414337158205
75,1,48400,2019-12-31T22_50_04,-121.43476104736328,0.2806357145309448,0.9388946294784546,,Bolt,58080000,32.0,1548800.0,4.526827335357666,31734.953125,0.00519113801419735,Caltech 6 (helicopter),0,282.263916015625,83.72824096679688,126.11414337158205
75,1,48400,2019-12-31T22_50_04,109.12762451171876,0.2332164943218231,0.9096977114677428,,Bolt,58080000,32.0,1548800.0,1.3508446216583252,59540.2578125,0.0057337990729138255,Caltech 7 (helicopter),0,512.8262939453125,209.9436187744141,126.11414337158205
75,1,48400,2019-12-31T22_50_04,33.06613540649414,0.3219602704048157,0.87302166223526,,Bolt,58080000,32.0,1548800.0,0.94332093000412,61116.94140625,0.004792561987414956,Caltech 8 (helicopter),0,436.7648010253906,254.5370941162109,126.11414337158205
75,1,48400,2019-12-31T22_50_04,-164.6948699951172,-0.03267013281583786,0.8097609877586365,,Bolt,58080000,32.0,1548800.0,3.080307722091675,65492.359375,0.00466532609425485,Caltech 9 (helicopter),0,239.0037841796875,145.8136749267578,126.11414337158205
75,1,48400,2019-12-31T22_50_04,-78.50607299804688,0.14914879202842712,0.8952997326850891,,Bolt,58080000,32.0,1548800.0,1.8736870288848884,36124.1875,0.005195482051931322,Caltech 10 (ibis),0,325.1925964355469,138.85148620605472,126.11414337158205
75,1,48400,2019-12-31T22_50_04,111.11107635498048,-0.03397698700428009,0.910535216331482,,Bolt,58080000,32.0,1548800.0,2.2153241634368896,53933.08203125,0.005021709017455578,Caltech 11 (ibis),0,514.8097534179689,156.03030395507812,126.11414337158205
75,1,48400,2019-12-31T22_50_04,-75.5511245727539,0.03365189954638481,0.8047735691070557,,Bolt,58080000,32.0,1548800.0,1.43140971660614,65678.109375,0.004368459922261536,Caltech 12 (ibis),0,328.1475524902344,214.20437622070312,126.11414337158205
75,1,48400,2019-12-31T22_50_04,-175.4711151123047,-0.2870667278766632,0.6523903012275696,,Bolt,58080000,32.0,1548800.0,2.460522413253784,103709.5234375,0.004571236902847886,Caltech 13 (ibis),0,228.2275695800781,205.30316162109366,126.11414337158205
75,1,48400,2019-12-31T22_50_04,-207.5894012451172,0.13990992307662964,0.8556069731712341,,Bolt,58080000,32.0,1548800.0,5.6976261138916025,66918.6875,0.004813942010514438,Caltech 14 (ibis),0,196.1092529296875,108.37440490722656,126.11414337158205
75,1,48400,2019-12-31T22_50_04,-234.7227020263672,0.14725664258003235,0.7390378713607788,,Bolt,58080000,32.0,1548800.0,3.829237461090088,88454.09375,0.004482691991142929,Caltech 15 (ibis),0,168.9759521484375,151.98573303222656,126.11414337158205
75,1,48400,2019-12-31T22_50_04,-50.11408233642578,0.062491703778505325,0.8994175791740417,,Bolt,58080000,32.0,1548800.0,1.9126139879226685,34179.828125,0.005678132991306486,Caltech 16 (ibis),0,353.5845947265625,133.68148803710938,126.11414337158205
75,1,48400,2019-12-31T22_50_04,-100.01435089111328,-0.34983471035957336,0.8003837466239929,,Bolt,58080000,32.0,1548800.0,2.617898941040039,64296.3984375,0.005587878986261785,Caltech 17 (ibis),0,303.684326171875,156.71728515625,126.11414337158205
75,1,48400,2019-12-31T22_50_04,-57.87182998657226,-0.1327022910118103,0.8479852676391602,,Bolt,58080000,32.0,1548800.0,1.9442439079284668,50783.17578125,0.004579083994030953,Caltech 18 (ibis),0,345.82684326171875,161.61607360839844,126.11414337158205
75,1,48400,2019-12-31T22_50_04,-95.87046813964844,-0.094072625041008,0.9193270206451416,,Bolt,58080000,32.0,1548800.0,5.5634026527404785,32817.01953125,0.004691255977377296,Caltech 19 (ibis),0,307.8282165527344,76.8031997680664,126.11414337158205
75,1,48400,2019-12-31T23_14_28,1.585224986076355,0.08432194590568542,0.8182847499847412,,Bolt,58080000,16.0,774400.0,1.5050549507141109,46070.57421875,0.0020888710860162973,Caltech 5 (Faces_easy),0,318.6288757324219,174.958740234375,139.95329284667972
75,1,48400,2019-12-31T23_14_28,117.93315887451172,0.19293034076690674,0.8715870380401611,,Bolt,58080000,16.0,774400.0,1.6746689081192017,58161.265625,0.002139403019100428,Caltech 6 (Faces_easy),0,434.976806640625,186.3598937988281,139.95329284667972
75,1,48400,2019-12-31T23_14_28,79.01275634765625,0.13595867156982422,0.8419009447097778,,Bolt,58080000,16.0,774400.0,1.4595211744308472,57954.5703125,0.00206963496748358,Caltech 7 (Faces_easy),0,396.056396484375,199.26849365234366,139.95329284667972
75,1,48400,2019-12-31T23_14_28,67.34033966064453,-0.0971248596906662,0.8303906917572021,,Bolt,58080000,16.0,774400.0,2.125429391860962,53717.08984375,0.0022300309501588345,Caltech 8 (Faces_easy),0,384.3840026855469,158.9764862060547,139.95329284667972
75,1,48400,2019-12-31T23_14_28,101.4644012451172,0.10474665462970734,0.8470970392227173,,Bolt,58080000,16.0,774400.0,1.635454177856445,62191.69921875,0.002663285005837679,Caltech 9 (Faces_easy),0,418.508056640625,195.0055694580078,139.95329284667972
75,1,48400,2019-12-31T23_14_28,-3.366912364959717,0.028984781354665763,0.8925284743309021,,Bolt,58080000,16.0,774400.0,4.3841772079467765,24602.068359375,0.0020491089671850204,Caltech 10 (Leopards),0,313.6767272949219,74.91033935546875,139.95329284667972
75,1,48400,2019-12-31T23_14_28,-46.17549133300781,-0.05180647969245911,0.8773786425590515,,Bolt,58080000,16.0,774400.0,5.211785793304443,28195.662109375,0.002433795016258955,Caltech 11 (Leopards),0,270.86813354492193,73.55257415771484,139.95329284667972
75,1,48400,2019-12-31T23_14_28,11.66238784790039,0.02676673978567124,0.8819079399108887,,Bolt,58080000,16.0,774400.0,3.109409809112549,28024.443359375,0.0020698379958048463,Caltech 12 (Leopards),0,328.7060241699219,94.9356918334961,139.95329284667972
75,1,48400,2019-12-31T23_14_28,-50.72830200195313,0.08603372424840927,0.9085112810134888,,Bolt,58080000,16.0,774400.0,12.213502883911133,22998.32421875,0.0022966519463807344,Caltech 13 (Leopards),0,266.31533813476557,43.39382934570313,139.95329284667972
75,1,48400,2019-12-31T23_14_28,-22.80117225646973,-0.0352013073861599,0.8878141045570374,,Bolt,58080000,16.0,774400.0,5.434615135192871,25467.47265625,0.0026515660574659705,Caltech 14 (Leopards),0,294.24249267578125,68.45552825927734,139.95329284667972
75,1,48400,2019-12-31T23_14_28,239.4093780517578,-0.13503454625606534,0.8109643459320068,,Bolt,58080000,16.0,774400.0,2.362643241882324,149845.21875,0.002475305926054716,Caltech 15 (Motorbikes),0,556.4530639648439,251.8386383056641,139.95329284667972
75,1,48400,2019-12-31T23_14_28,238.78094482421875,-0.106173075735569,0.8235059976577759,,Bolt,58080000,16.0,774400.0,2.465674638748169,140815.78125,0.002349884016439319,Caltech 16 (Motorbikes),0,555.8245849609375,238.97792053222656,139.95329284667972
75,1,48400,2019-12-31T23_14_28,219.1278533935547,-0.08030848205089569,0.81685870885849,,Bolt,58080000,16.0,774400.0,2.1921513080596924,134551.984375,0.002639183076098561,Caltech 17 (Motorbikes),0,536.1715087890625,247.74778747558602,139.95329284667972
75,1,48400,2019-12-31T23_14_28,207.64198303222656,-0.2116652429103852,0.7839822173118591,,Bolt,58080000,16.0,774400.0,2.1800079345703125,143967.109375,0.002523023053072393,Caltech 18 (Motorbikes),0,524.6856079101561,256.98193359375,139.95329284667972
75,1,48400,2019-12-31T23_14_28,186.4443664550781,-0.1522059291601181,0.7680033445358276,,Bolt,58080000,16.0,774400.0,1.8336155414581297,145986.09375,0.002645629923790693,Caltech 19 (Motorbikes),0,503.4880065917969,282.16400146484375,139.95329284667972
75,1,48400,2019-12-31T23_29_08,3.2022652626037598,0.9991385340690612,0.9998202919960022,,Bolt,58080000,32.0,1548800.0,0.0021352069452404976,55.80392074584961,1.1527944899862632,Caltech 0 (Faces),0,317.73443603515625,161.6636505126953,160.78114318847656
75,1,48400,2019-12-31T23_29_08,4.096716403961182,0.08614780008792877,0.7993618845939636,,Bolt,58080000,32.0,1548800.0,1.6867132186889648,51631.23828125,0.0043214630568400025,Caltech 5 (Faces_easy),0,318.6288757324219,174.958740234375,160.78114318847656
75,1,48400,2019-12-31T23_29_08,120.44464111328124,0.1918894350528717,0.8528527021408081,,Bolt,58080000,32.0,1548800.0,1.8309316635131845,63588.26953125,0.004388626082800329,Caltech 6 (Faces_easy),0,434.976806640625,186.3598937988281,160.78114318847656
75,1,48400,2019-12-31T23_29_08,81.52424621582031,0.13815292716026306,0.8236709833145142,,Bolt,58080000,32.0,1548800.0,1.5954560041427612,63352.26171875,0.005161173990927637,Caltech 7 (Faces_easy),0,396.056396484375,199.26849365234366,160.78114318847656
75,1,48400,2019-12-31T23_29_08,69.85183715820311,-0.09328794479370116,0.8065866231918335,,Bolt,58080000,32.0,1548800.0,2.404585599899292,60772.34765625,0.004337519989348948,Caltech 8 (Faces_easy),0,384.3840026855469,158.9764862060547,160.78114318847656
75,1,48400,2019-12-31T23_29_08,103.97589111328124,0.10501978546380997,0.827284574508667,,Bolt,58080000,32.0,1548800.0,1.7909120321273804,68103.3203125,0.004509803024120629,Caltech 9 (Faces_easy),0,418.508056640625,195.0055694580078,160.78114318847656
75,1,48400,2019-12-31T23_29_08,-0.8554222583770752,0.02991865947842598,0.8692203164100647,,Bolt,58080000,32.0,1548800.0,5.4783668518066415,30742.1796875,0.00437020999379456,Caltech 10 (Leopards),0,313.6767272949219,74.91033935546875,160.78114318847656
75,1,48400,2019-12-31T23_29_08,-43.66399765014648,-0.0500282533466816,0.8533269762992859,,Bolt,58080000,32.0,1548800.0,6.349442005157473,34350.359375,0.0044276040280237785,Caltech 11 (Leopards),0,270.86813354492193,73.55257415771484,160.78114318847656
75,1,48400,2019-12-31T23_29_08,14.17387866973877,0.03730650246143341,0.8601587414741516,,Bolt,58080000,32.0,1548800.0,3.764139413833618,33925.37890625,0.004312189063057303,Caltech 12 (Leopards),0,328.7060241699219,94.9356918334961,160.78114318847656
75,1,48400,2019-12-31T23_29_08,-48.21681213378906,0.09130111336708067,0.885504424571991,,Bolt,58080000,32.0,1548800.0,15.286293983459473,28784.46484375,0.00440293992869556,Caltech 13 (Leopards),0,266.31533813476557,43.39382934570313,160.78114318847656
75,1,48400,2019-12-31T23_29_08,-20.28968048095703,-0.021065499633550644,0.8650774359703064,,Bolt,58080000,32.0,1548800.0,6.703169822692871,31412.12109375,0.004287939053028822,Caltech 14 (Leopards),0,294.24249267578125,68.45552825927734,160.78114318847656
75,1,48400,2019-12-31T23_29_08,241.92086791992188,-0.12028543651103972,0.7886269092559814,,Bolt,58080000,32.0,1548800.0,2.4839673042297363,157539.90625,0.004345646942965686,Caltech 15 (Motorbikes),0,556.4530639648439,251.8386383056641,160.78114318847656
75,1,48400,2019-12-31T23_29_08,241.2924652099609,-0.09723806381225586,0.8005255460739136,,Bolt,58080000,32.0,1548800.0,2.602946758270264,148655.453125,0.004286482930183411,Caltech 16 (Motorbikes),0,555.8245849609375,238.97792053222656,160.78114318847656
75,1,48400,2019-12-31T23_29_08,221.6393585205078,-0.06765834242105484,0.7953768968582153,,Bolt,58080000,32.0,1548800.0,2.309319257736206,141743.640625,0.004286236013285816,Caltech 17 (Motorbikes),0,536.1715087890625,247.74778747558602,160.78114318847656
75,1,48400,2019-12-31T23_29_08,210.15347290039062,-0.1989358365535736,0.7598214745521545,,Bolt,58080000,32.0,1548800.0,2.309125661849976,152494.015625,0.004494588007219136,Caltech 18 (Motorbikes),0,524.6856079101561,256.98193359375,160.78114318847656
75,1,48400,2019-12-31T23_29_08,188.95587158203125,-0.14169146120548248,0.7452211380004883,,Bolt,58080000,32.0,1548800.0,1.9346179962158203,154027.5625,0.0054344399832189074,Caltech 19 (Motorbikes),0,503.4880065917969,282.16400146484375,160.78114318847656
75,1,48400,2020-01-01T01_27_47,0.4881589114665985,0.08688238263130188,0.8140901327133179,,Bolt,58080000,4.0,193600.0,1.5515316724777222,47493.25390625,0.001202387036755681,Caltech 5 (Faces_easy),0,318.6288757324219,174.958740234375,146.01947021484375
75,1,48400,2020-01-01T01_27_47,116.83609771728516,0.19669130444526672,0.8677116632461548,,Bolt,58080000,4.0,193600.0,1.698749542236328,58997.5859375,0.001380800036713481,Caltech 6 (Faces_easy),0,434.976806640625,186.3598937988281,146.01947021484375
75,1,48400,2020-01-01T01_27_47,77.91570281982422,0.13455381989479065,0.8371015787124634,,Bolt,58080000,4.0,193600.0,1.4926550388336182,59270.24609375,0.001325267949141562,Caltech 7 (Faces_easy),0,396.056396484375,199.26849365234366,146.01947021484375
75,1,48400,2020-01-01T01_27_47,66.24327850341797,-0.0866360068321228,0.8260359764099121,,Bolt,58080000,4.0,193600.0,2.1764140129089355,55005.65234375,0.0011920740362256765,Caltech 8 (Faces_easy),0,384.3840026855469,158.9764862060547,146.01947021484375
75,1,48400,2020-01-01T01_27_47,100.3673324584961,0.10683974623680116,0.8426267504692078,,Bolt,58080000,4.0,193600.0,1.6655991077423096,63338.0234375,0.0011705280048772693,Caltech 9 (Faces_easy),0,418.508056640625,195.0055694580078,146.01947021484375
75,1,48400,2020-01-01T01_27_47,-4.463979244232178,0.02393777295947075,0.886305034160614,,Bolt,58080000,4.0,193600.0,4.709830284118652,26429.490234375,0.0013117659837007525,Caltech 10 (Leopards),0,313.6767272949219,74.91033935546875,146.01947021484375
75,1,48400,2020-01-01T01_27_47,-47.27255249023438,-0.055730875581502914,0.870990514755249,,Bolt,58080000,4.0,193600.0,5.575521945953369,30163.466796875,0.0011967220343649387,Caltech 11 (Leopards),0,270.86813354492193,73.55257415771484,146.01947021484375
75,1,48400,2020-01-01T01_27_47,10.565324783325195,0.030332356691360474,0.8766668438911438,,Bolt,58080000,4.0,193600.0,3.28479266166687,29605.130859375,0.001163895009085536,Caltech 12 (Leopards),0,328.7060241699219,94.9356918334961,146.01947021484375
75,1,48400,2020-01-01T01_27_47,-51.82537078857422,0.08586180955171585,0.9027739763259888,,Bolt,58080000,4.0,193600.0,13.171615600585938,24802.474609375,0.001150342985056341,Caltech 13 (Leopards),0,266.31533813476557,43.39382934570313,146.01947021484375
75,1,48400,2020-01-01T01_27_47,-23.89823913574219,-0.030464041978120807,0.8823237419128418,,Bolt,58080000,4.0,193600.0,5.801765441894531,27187.99609375,0.00127153389621526,Caltech 14 (Leopards),0,294.24249267578125,68.45552825927734,146.01947021484375
75,1,48400,2020-01-01T01_27_47,238.31231689453125,-0.13322176039218905,0.8050804138183594,,Bolt,58080000,4.0,193600.0,2.3861353397369385,151335.140625,0.0011363819940015676,Caltech 15 (Motorbikes),0,556.4530639648439,251.8386383056641,146.01947021484375
75,1,48400,2020-01-01T01_27_47,237.68386840820312,-0.1061934530735016,0.8174439668655396,,Bolt,58080000,4.0,193600.0,2.492312431335449,142337.078125,0.0011272479314357042,Caltech 16 (Motorbikes),0,555.8245849609375,238.97792053222656,146.01947021484375
75,1,48400,2020-01-01T01_27_47,218.0308074951172,-0.0810869038105011,0.8108388781547546,,Bolt,58080000,4.0,193600.0,2.2174513339996342,136104.875,0.0014450709568336606,Caltech 17 (Motorbikes),0,536.1715087890625,247.74778747558602,146.01947021484375
75,1,48400,2020-01-01T01_27_47,206.54493713378903,-0.2122759819030761,0.7772543430328369,,Bolt,58080000,4.0,193600.0,2.210082769393921,145953.25,0.0013127720449119804,Caltech 18 (Motorbikes),0,524.6856079101561,256.98193359375,146.01947021484375
75,1,48400,2020-01-01T01_27_47,185.34732055664062,-0.1530405730009079,0.7616198658943176,,Bolt,58080000,4.0,193600.0,1.8576894998550413,147902.78125,0.001376020023599267,Caltech 19 (Motorbikes),0,503.4880065917969,282.16400146484375,146.01947021484375
75,1,48400,2020-01-01T01_28_38,5.214364528656006,0.08720489591360092,0.8177132606506348,,Bolt,58080000,8.0,387200.0,1.4991071224212646,45888.5078125,0.0017431109445169568,Caltech 5 (Faces_easy),0,318.6288757324219,174.958740234375,139.69015502929688
75,1,48400,2020-01-01T01_28_38,121.56228637695312,0.19790568947792053,0.8713020086288452,,Bolt,58080000,8.0,387200.0,1.690662145614624,58716.7109375,0.0034764299634844065,Caltech 6 (Faces_easy),0,434.976806640625,186.3598937988281,139.69015502929688
75,1,48400,2020-01-01T01_28_38,82.64189910888672,0.13868004083633426,0.841305136680603,,Bolt,58080000,8.0,387200.0,1.4689860343933103,58330.3984375,0.00206329207867384,Caltech 7 (Faces_easy),0,396.056396484375,199.26849365234366,139.69015502929688
75,1,48400,2020-01-01T01_28_38,70.96949005126953,-0.08987230062484741,0.8300603628158569,,Bolt,58080000,8.0,387200.0,2.1293113231658936,53815.19921875,0.0017319850157946348,Caltech 8 (Faces_easy),0,384.3840026855469,158.9764862060547,139.69015502929688
75,1,48400,2020-01-01T01_28_38,105.09354400634766,0.10918877273797988,0.8466930389404297,,Bolt,58080000,8.0,387200.0,1.6471505165100098,62636.4765625,0.0021875170059502125,Caltech 9 (Faces_easy),0,418.508056640625,195.0055694580078,139.69015502929688
75,1,48400,2020-01-01T01_28_38,0.26222753524780273,0.028730049729347232,0.8911183476448059,,Bolt,58080000,8.0,387200.0,4.370209693908691,24523.689453125,0.0020554231014102697,Caltech 10 (Leopards),0,313.6767272949219,74.91033935546875,139.69015502929688
75,1,48400,2020-01-01T01_28_38,-42.54634475708008,-0.049951165914535516,0.8761352300643921,,Bolt,58080000,8.0,387200.0,5.131249904632568,27759.96484375,0.0017854339675977824,Caltech 11 (Leopards),0,270.86813354492193,73.55257415771484,139.69015502929688
75,1,48400,2020-01-01T01_28_38,15.291526794433596,0.01939466223120689,0.8797086477279663,,Bolt,58080000,8.0,387200.0,3.1339423656463623,28245.548828125,0.0022033440181985497,Caltech 12 (Leopards),0,328.7060241699219,94.9356918334961,139.69015502929688
75,1,48400,2020-01-01T01_28_38,-47.09916305541992,0.08387499302625656,0.9069863557815552,,Bolt,58080000,8.0,387200.0,12.000823974609375,22597.84375,0.0017667940119281413,Caltech 13 (Leopards),0,266.31533813476557,43.39382934570313,139.69015502929688
75,1,48400,2020-01-01T01_28_38,-19.17203521728516,-0.03949039801955223,0.8859823942184448,,Bolt,58080000,8.0,387200.0,5.403641700744629,25322.32421875,0.0017883219989016652,Caltech 14 (Leopards),0,294.24249267578125,68.45552825927734,139.69015502929688
75,1,48400,2020-01-01T01_28_38,243.0385284423828,-0.1358528435230255,0.8093264102935791,,Bolt,58080000,8.0,387200.0,2.3897154331207275,151562.203125,0.0017471679020673034,Caltech 15 (Motorbikes),0,556.4530639648439,251.8386383056641,139.69015502929688
75,1,48400,2020-01-01T01_28_38,242.4100799560547,-0.1091218888759613,0.8215651512145996,,Bolt,58080000,8.0,387200.0,2.498178005218506,142672.0625,0.0021099429577589035,Caltech 16 (Motorbikes),0,555.8245849609375,238.97792053222656,139.69015502929688
75,1,48400,2020-01-01T01_28_38,222.75701904296875,-0.08153495192527771,0.8152253031730652,,Bolt,58080000,8.0,387200.0,2.218292713165283,136156.515625,0.0019192880718037488,Caltech 17 (Motorbikes),0,536.1715087890625,247.74778747558602,139.69015502929688
75,1,48400,2020-01-01T01_28_38,211.2711181640625,-0.21371930837631226,0.7820104956626892,,Bolt,58080000,8.0,387200.0,2.2037148475646973,145532.703125,0.002125001046806574,Caltech 18 (Motorbikes),0,524.6856079101561,256.98193359375,139.69015502929688
75,1,48400,2020-01-01T01_28_38,190.073486328125,-0.15349677205085754,0.7662408351898193,,Bolt,58080000,8.0,387200.0,1.8508483171463013,147358.109375,0.0022104689851403236,Caltech 19 (Motorbikes),0,503.4880065917969,282.16400146484375,139.69015502929688
75,1,48400,2020-01-01T01_34_48,5.013237476348877,0.9837313890457152,0.9978458881378174,,Bolt,58080000,4.0,193600.0,0.04678178951144218,1021.1911010742188,0.748135001049377,Caltech 0 (Faces),0,440.25372314453125,147.74578857421875,128.26487731933594
75,1,48400,2020-01-01T01_34_48,-49.93597030639648,0.14796406030654907,0.8748576045036316,,Bolt,58080000,4.0,193600.0,1.3041815757751465,49517.84765625,0.0014777749311178925,Caltech 7 (Faces),0,385.3045349121094,194.85513305664062,128.26487731933594
75,1,48400,2020-01-01T01_34_48,-48.22578048706055,0.2246783971786499,0.9199287295341492,,Bolt,58080000,4.0,193600.0,1.4866579771041868,31665.775390625,0.001270191976800561,Caltech 8 (Faces),0,387.01470947265625,145.94509887695312,128.26487731933594
75,1,48400,2020-01-01T01_34_48,-62.93265914916992,0.07104562222957611,0.8694985508918762,,Bolt,58080000,4.0,193600.0,1.508501052856445,50647.82421875,0.001234938041307032,Caltech 9 (Faces),0,372.307861328125,183.2346343994141,128.26487731933594
75,1,48400,2020-01-01T01_34_48,-35.19597244262695,0.2483004182577133,0.9174197316169742,,Bolt,58080000,4.0,193600.0,1.3002270460128784,32800.5234375,0.0011983229778707027,Caltech 10 (Faces_easy),0,400.0444946289063,158.82936096191406,128.26487731933594
75,1,48400,2020-01-01T01_34_48,-111.5479736328125,0.11691396683454515,0.8482229709625244,,Bolt,58080000,4.0,193600.0,1.6745104789733891,57889.1484375,0.0011011130409315226,Caltech 11 (Faces_easy),0,323.6925354003906,185.9322204589844,128.26487731933594
75,1,48400,2020-01-01T01_34_48,-65.77169036865234,-0.03183651715517044,0.8510132431983948,,Bolt,58080000,4.0,193600.0,1.6326128244400024,57580.48828125,0.0011138380505144596,Caltech 12 (Faces_easy),0,369.46881103515625,187.8002014160156,128.26487731933594
75,1,48400,2020-01-01T01_34_48,-75.39932250976562,0.05073382705450058,0.8690940737724304,,Bolt,58080000,4.0,193600.0,1.650252103805542,50407.87109375,0.0012302170507609846,Caltech 13 (Faces_easy),0,359.8411560058594,174.7728729248047,128.26487731933594
75,1,48400,2020-01-01T01_34_48,-67.58900451660156,0.2115844041109085,0.8847638368606567,,Bolt,58080000,4.0,193600.0,1.32720685005188,44808.5,0.0012369519099593165,Caltech 14 (Faces_easy),0,367.6514587402344,183.7430419921875,128.26487731933594
75,1,48400,2020-01-01T01_34_48,-116.61161041259766,0.21311433613300326,0.869795024394989,,Bolt,58080000,4.0,193600.0,1.669217228889465,51095.67578125,0.0012511209351941945,Caltech 15 (Faces_easy),0,318.6288757324219,174.958740234375,128.26487731933594
75,1,48400,2020-01-01T01_34_48,-0.2636935114860535,0.035007592290639884,0.8855981230735779,,Bolt,58080000,4.0,193600.0,1.4255208969116209,49508.3515625,0.0012464619940146804,Caltech 16 (Faces_easy),0,434.976806640625,186.3598937988281,128.26487731933594
75,1,48400,2020-01-01T01_34_48,-39.18408203125,0.07316122204065323,0.8661670684814453,,Bolt,58080000,4.0,193600.0,1.358804702758789,53955.328125,0.0012192770373076198,Caltech 17 (Faces_easy),0,396.056396484375,199.26849365234366,128.26487731933594
75,1,48400,2020-01-01T01_34_48,-50.85649871826172,0.1724238395690918,0.9050235152244568,,Bolt,58080000,4.0,193600.0,1.4750597476959229,37279.95703125,0.0012250730069354177,Caltech 18 (Faces_easy),0,384.3840026855469,158.9764862060547,128.26487731933594
75,1,48400,2020-01-01T01_34_48,-16.732446670532227,0.17872491478919986,0.8907999396324158,,Bolt,58080000,4.0,193600.0,1.2048845291137695,45818.3515625,0.0012546500656753776,Caltech 19 (Faces_easy),0,418.508056640625,195.0055694580078,128.26487731933594
75,1,48400,2020-01-01T01_35_39,13.054022789001465,0.9898834824562072,0.9984959959983826,,Bolt,58080000,8.0,387200.0,0.04443720728158952,970.0116577148438,0.798526257975027,Caltech 0 (Faces),0,440.25372314453125,147.74578857421875,127.27498626708984
75,1,48400,2020-01-01T01_35_39,-41.89519119262695,0.14736969769001007,0.8742184638977051,,Bolt,58080000,8.0,387200.0,1.280352234840393,48613.08203125,0.001906020101159811,Caltech 7 (Faces),0,385.3045349121094,194.85513305664062,127.27498626708984
75,1,48400,2020-01-01T01_35_39,-40.18499755859375,0.2258053570985794,0.919478714466095,,Bolt,58080000,8.0,387200.0,1.4424903392791748,30725.00390625,0.001668359967879951,Caltech 8 (Faces),0,387.01470947265625,145.94509887695312,127.27498626708984
75,1,48400,2020-01-01T01_35_39,-54.89188003540039,0.07020527124404907,0.8687252402305603,,Bolt,58080000,8.0,387200.0,1.4746848344802856,49512.4453125,0.0015757119981572034,Caltech 9 (Faces),0,372.307861328125,183.2346343994141,127.27498626708984
75,1,48400,2020-01-01T01_35_39,-27.155187606811523,0.2500075697898865,0.917076587677002,,Bolt,58080000,8.0,387200.0,1.270686388015747,32055.306640625,0.0015061399899423122,Caltech 10 (Faces_easy),0,400.0444946289063,158.82936096191406,127.27498626708984
75,1,48400,2020-01-01T01_35_39,-103.50718688964844,0.12296663224697113,0.8485182523727417,,Bolt,58080000,8.0,387200.0,1.6101330518722534,55663.5703125,0.0015376430237665772,Caltech 11 (Faces_easy),0,323.6925354003906,185.9322204589844,127.27498626708984
75,1,48400,2020-01-01T01_35_39,-57.73090362548828,-0.03438596427440643,0.8498905897140503,,Bolt,58080000,8.0,387200.0,1.6004037857055664,56444.5078125,0.0017918560188263657,Caltech 12 (Faces_easy),0,369.46881103515625,187.8002014160156,127.27498626708984
75,1,48400,2020-01-01T01_35_39,-67.35853576660156,0.051723331212997437,0.8685219883918762,,Bolt,58080000,8.0,387200.0,1.6035250425338743,48980.56640625,0.0016880399780347945,Caltech 13 (Faces_easy),0,359.8411560058594,174.7728729248047,127.27498626708984
75,1,48400,2020-01-01T01_35_39,-59.54823303222656,0.2200445532798767,0.8853585124015808,,Bolt,58080000,8.0,387200.0,1.2799952030181885,43214.5625,0.0017443899996578693,Caltech 14 (Faces_easy),0,367.6514587402344,183.7430419921875,127.27498626708984
75,1,48400,2020-01-01T01_35_39,-108.5708465576172,0.21958917379379272,0.8702374696731567,,Bolt,58080000,8.0,387200.0,1.5947946310043335,48817.55859375,0.001767306006513536,Caltech 15 (Faces_easy),0,318.6288757324219,174.958740234375,127.27498626708984
75,1,48400,2020-01-01T01_35_39,7.777089595794678,0.03770514205098152,0.8851654529571533,,Bolt,58080000,8.0,387200.0,1.4166643619537354,49200.765625,0.0017001819796860216,Caltech 16 (Faces_easy),0,434.976806640625,186.3598937988281,127.27498626708984
75,1,48400,2020-01-01T01_35_39,-31.14330101013184,0.07906942069530487,0.8662654161453247,,Bolt,58080000,8.0,387200.0,1.33137309551239,52866.07421875,0.0019459349568933246,Caltech 17 (Faces_easy),0,396.056396484375,199.26849365234366,127.27498626708984
75,1,48400,2020-01-01T01_35_39,-42.815711975097656,0.1770385056734085,0.9049351811408995,,Bolt,58080000,8.0,387200.0,1.4300084114074707,36141.3515625,0.0015886559849604964,Caltech 18 (Faces_easy),0,384.3840026855469,158.9764862060547,127.27498626708984
75,1,48400,2020-01-01T01_35_39,-8.69166374206543,0.1818765103816986,0.8906303644180298,,Bolt,58080000,8.0,387200.0,1.1905579566955566,45273.55078125,0.001708982978016138,Caltech 19 (Faces_easy),0,418.508056640625,195.0055694580078,127.27498626708984
75,1,48400,2020-01-01T01_36_44,1.9532005786895752,0.9953553080558776,0.9995301365852356,,Bolt,58080000,16.0,774400.0,0.009440015070140362,206.0643615722656,0.9174526160350068,Caltech 0 (Faces),0,440.25372314453125,147.74578857421875,147.07986450195312
75,1,48400,2020-01-01T01_36_44,-52.99600601196289,0.1465572565793991,0.8670559525489807,,Bolt,58080000,16.0,774400.0,1.4224710464477541,54009.125,0.0021767079597339034,Caltech 7 (Faces),0,385.3045349121094,194.85513305664062,147.07986450195312
75,1,48400,2020-01-01T01_36_44,-51.28582000732422,0.22204816341400144,0.911993443965912,,Bolt,58080000,16.0,774400.0,1.6915463209152222,36029.890625,0.0021781279938295484,Caltech 8 (Faces),0,387.01470947265625,145.94509887695312,147.07986450195312
75,1,48400,2020-01-01T01_36_44,-65.99269866943361,0.07610998302698135,0.8613009452819824,,Bolt,58080000,16.0,774400.0,1.6518306732177734,55460.10546875,0.0021874939557164907,Caltech 9 (Faces),0,372.307861328125,183.2346343994141,147.07986450195312
75,1,48400,2020-01-01T01_36_44,-38.25601577758789,0.2410043925046921,0.9094308018684388,,Bolt,58080000,16.0,774400.0,1.4691833257675169,37062.7421875,0.0026497869985178113,Caltech 10 (Faces_easy),0,400.0444946289063,158.82936096191406,147.07986450195312
75,1,48400,2020-01-01T01_36_44,-114.60799407958984,0.13267657160758972,0.8431001901626587,,Bolt,58080000,16.0,774400.0,1.7957841157913208,62081.671875,0.002275218954309821,Caltech 11 (Faces_easy),0,323.6925354003906,185.9322204589844,147.07986450195312
75,1,48400,2020-01-01T01_36_44,-68.83172607421875,-0.052670981734991074,0.8375415205955505,,Bolt,58080000,16.0,774400.0,1.830193400382996,64548.94140625,0.002155347028747201,Caltech 12 (Faces_easy),0,369.46881103515625,187.8002014160156,147.07986450195312
75,1,48400,2020-01-01T01_36_44,-78.45936584472656,0.06823481619358063,0.8622655272483826,,Bolt,58080000,16.0,774400.0,1.7948887348175049,54825.87890625,0.0022956880275160074,Caltech 13 (Faces_easy),0,359.8411560058594,174.7728729248047,147.07986450195312
75,1,48400,2020-01-01T01_36_44,-70.6490478515625,0.22463226318359367,0.8799822330474854,,Bolt,58080000,16.0,774400.0,1.4289627075195312,48243.9296875,0.002634714008308947,Caltech 14 (Faces_easy),0,367.6514587402344,183.7430419921875,147.07986450195312
75,1,48400,2020-01-01T01_36_44,-119.6716537475586,0.22874382138252256,0.8660346269607544,,Bolt,58080000,16.0,774400.0,1.7899655103683472,54791.84765625,0.0022313200170174237,Caltech 15 (Faces_easy),0,318.6288757324219,174.958740234375,147.07986450195312
75,1,48400,2020-01-01T01_36_44,-3.3237316608428955,0.06799080222845078,0.8799525499343872,,Bolt,58080000,16.0,774400.0,1.5158737897872925,52646.30859375,0.002225077012553811,Caltech 16 (Faces_easy),0,434.976806640625,186.3598937988281,147.07986450195312
75,1,48400,2020-01-01T01_36_44,-42.24412155151367,0.10376060009002687,0.8617305159568787,,Bolt,58080000,16.0,774400.0,1.436561107635498,57042.87109375,0.0029427659465000033,Caltech 17 (Faces_easy),0,396.056396484375,199.26849365234366,147.07986450195312
75,1,48400,2020-01-01T01_36_44,-53.91653823852539,0.17446783185005188,0.8972870707511902,,Bolt,58080000,16.0,774400.0,1.6481318473815918,41654.09765625,0.002352282986976207,Caltech 18 (Faces_easy),0,384.3840026855469,158.9764862060547,147.07986450195312
75,1,48400,2020-01-01T01_36_44,-19.7924861907959,0.20060338079929352,0.8862918019294739,,Bolt,58080000,16.0,774400.0,1.2765666246414185,48544.21875,0.00214708992280066,Caltech 19 (Faces_easy),0,418.508056640625,195.0055694580078,147.07986450195312
75,1,48400,2020-01-01T01_37_43,-13.347208976745605,0.9771062731742859,0.9923034906387328,,Bolt,58080000,4.0,193600.0,0.07630810141563417,2169.36474609375,0.7568014089483768,Caltech 1 (Faces),0,335.537353515625,168.6090850830078,138.2083740234375
75,1,48400,2020-01-01T01_38_04,-5.364940166473389,0.9859506487846376,0.994477927684784,,Bolt,58080000,8.0,387200.0,0.05566360428929329,1582.4617919921875,0.8595964930718765,Caltech 1 (Faces),0,335.537353515625,168.6090850830078,138.66316223144528
75,1,48400,2020-01-01T01_38_20,1.1395723819732666,0.994588315486908,0.9988936185836792,,Bolt,58080000,16.0,774400.0,0.011164624243974686,317.39935302734375,0.9397603760007768,Caltech 1 (Faces),0,335.537353515625,168.6090850830078,164.6605224609375
75,1,48400,2020-01-01T01_39_34,2.3599157333374023,0.9988240599632264,0.99975323677063,,Bolt,58080000,32.0,1548800.0,0.0028647130820900197,81.44098663330078,1.1946153049357235,Caltech 1 (Faces),0,335.537353515625,168.6090850830078,165.40493774414062
75,1,48400,2020-01-01T01_41_56,14.595541000366213,0.9897433519363404,0.9968595504760742,,Bolt,58080000,4.0,193600.0,0.04379352927207947,1938.84228515625,0.7497136309975758,Caltech 2 (Faces),0,403.7672729492188,210.4099578857422,179.5751190185547
75,1,48400,2020-01-01T01_41_56,-62.916465759277344,-0.11205828189849854,0.7917041778564453,,Bolt,58080000,4.0,193600.0,2.6166532039642334,69193.9609375,0.00409111101180315,Caltech 3 (Faces),0,326.2552490234375,162.6151580810547,179.5751190185547
75,1,48400,2020-01-01T01_41_56,-1.3502414226531982,-0.08992145210504532,0.8289428949356079,,Bolt,58080000,4.0,193600.0,2.5455751419067383,61373.55078125,0.0041266800835728645,Caltech 4 (Faces),0,387.8214416503906,155.2736053466797,179.5751190185547
75,1,48400,2020-01-01T01_41_56,-71.43729400634766,-0.2015061378479004,0.7709836363792419,,Bolt,58080000,4.0,193600.0,2.876794576644897,75185.4140625,0.004778876900672914,Caltech 5 (Faces),0,317.73443603515625,161.6636505126953,179.5751190185547
75,1,48400,2020-01-01T01_41_56,32.790760040283196,-0.15718312561511993,0.7982074618339539,,Bolt,58080000,4.0,193600.0,2.185513973236084,81531.328125,0.004211688996292651,Caltech 6 (Faces),0,421.9624328613281,193.14588928222656,179.5751190185547
75,1,48400,2020-01-01T01_42_16,22.19916343688965,0.99085533618927,0.9968377947807312,,Bolt,58080000,8.0,387200.0,0.05661045759916305,2506.27783203125,0.8672051220200956,Caltech 2 (Faces),0,403.7672729492188,210.4099578857422,173.7376251220703
75,1,48400,2020-01-01T01_42_16,-55.31283950805664,-0.10606478899717332,0.7949215769767761,,Bolt,58080000,8.0,387200.0,2.4838104248046875,65681.109375,0.005017939023673534,Caltech 3 (Faces),0,326.2552490234375,162.6151580810547,173.7376251220703
75,1,48400,2020-01-01T01_42_16,6.253388404846191,-0.08480218052864075,0.8318349123001099,,Bolt,58080000,8.0,387200.0,2.4433600902557373,58909.15625,0.005175344995222986,Caltech 4 (Faces),0,387.8214416503906,155.2736053466797,173.7376251220703
75,1,48400,2020-01-01T01_42_16,-63.833656311035156,-0.1972289681434632,0.7740787267684937,,Bolt,58080000,8.0,387200.0,2.7347779273986816,71473.7890625,0.005432922043837607,Caltech 5 (Faces),0,317.73443603515625,161.6636505126953,173.7376251220703
75,1,48400,2020-01-01T01_42_16,40.394386291503906,-0.15651457011699674,0.800532877445221,,Bolt,58080000,8.0,387200.0,2.134440660476685,79626.015625,0.004791700979694724,Caltech 6 (Faces),0,421.9624328613281,193.14588928222656,173.7376251220703
75,1,48400,2020-01-01T01_42_32,3.7854497432708736,0.99847149848938,0.999669909477234,,Bolt,58080000,16.0,774400.0,0.0033902327995747328,150.09356689453125,0.9156915050698444,Caltech 2 (Faces),0,403.7672729492188,210.4099578857422,209.3782958984375
75,1,48400,2020-01-01T01_42_32,-73.7265625,-0.1522827446460724,0.7614148259162903,,Bolt,58080000,16.0,774400.0,3.255537986755371,86088.4296875,0.006076841033063829,Caltech 3 (Faces),0,326.2552490234375,162.6151580810547,209.3782958984375
75,1,48400,2020-01-01T01_42_32,-12.160335540771484,-0.08109074085950851,0.8085038661956787,,Bolt,58080000,16.0,774400.0,3.0431365966796875,73369.703125,0.007103692973032594,Caltech 4 (Faces),0,387.8214416503906,155.2736053466797,209.3782958984375
75,1,48400,2020-01-01T01_42_32,-82.24737548828125,-0.19130413234233856,0.7493896484375,,Bolt,58080000,16.0,774400.0,3.4317743778228764,89689.8828125,0.005288649001158774,Caltech 5 (Faces),0,317.73443603515625,161.6636505126953,209.3782958984375
75,1,48400,2020-01-01T01_42_32,21.98066711425781,-0.15498365461826324,0.7756582498550415,,Bolt,58080000,16.0,774400.0,2.5241162776947017,94162.9921875,0.00661335198674351,Caltech 6 (Faces),0,421.9624328613281,193.14588928222656,209.3782958984375
75,1,48400,2020-01-01T01_42_50,4.654533386230469,0.9995359182357788,0.999897599220276,,Bolt,58080000,32.0,1548800.0,0.0014448703732341528,63.96780395507813,1.1643756739795208,Caltech 2 (Faces),0,403.7672729492188,210.4099578857422,209.2117156982422
75,1,48400,2020-01-01T01_42_50,-72.85748291015625,-0.14998792111873627,0.7616211771965027,,Bolt,58080000,32.0,1548800.0,3.2418668270111084,85726.9140625,0.007507442962378263,Caltech 3 (Faces),0,326.2552490234375,162.6151580810547,209.2117156982422
75,1,48400,2020-01-01T01_42_50,-11.291252136230467,-0.08182765543460846,0.8081179857254028,,Bolt,58080000,32.0,1548800.0,3.0412111282348637,73323.28125,0.009324128041043878,Caltech 4 (Faces),0,387.8214416503906,155.2736053466797,209.2117156982422
75,1,48400,2020-01-01T01_42_50,-81.3782958984375,-0.19335520267486567,0.7486802339553833,,Bolt,58080000,32.0,1548800.0,3.428579568862915,89606.390625,0.007496634032577276,Caltech 5 (Faces),0,317.73443603515625,161.6636505126953,209.2117156982422
75,1,48400,2020-01-01T01_42_50,22.84975242614746,-0.1541365683078766,0.7755509614944458,,Bolt,58080000,32.0,1548800.0,2.5211892127990723,94053.796875,0.009722704067826271,Caltech 6 (Faces),0,421.9624328613281,193.14588928222656,209.2117156982422
75,1,48400,2020-01-01T01_46_46,-82.1877670288086,-0.15456333756446838,0.7636042237281799,1.0,PCA,3678400,,,3.338287830352783,88276.640625,0.003232673974707723,Caltech 3 (Faces),0,326.2552490234375,162.6151580810547,210.89501953125
75,1,48400,2020-01-01T01_46_46,-20.62153625488281,-0.0824388936161995,0.8108283281326294,1.0,PCA,3678400,,,3.0863268375396733,74411.015625,0.0039343800162896505,Caltech 4 (Faces),0,387.8214416503906,155.2736053466797,210.89501953125
75,1,48400,2020-01-01T02_22_22,0.243690624833107,0.9999817609786988,0.9999977350234984,8.0,PCA,29427200,,,3.432929952396081e-05,1.5132471323013306,0.0035126979928463697,Caltech 0 (Faces),0,561.9175415039061,209.95318603515625,209.93450927734366
75,1,48400,2020-01-01T02_22_22,0.17180198431015015,0.9997995495796204,0.9999656081199646,8.0,PCA,29427200,,,0.00040209342841990287,12.435041427612305,0.003646980971097946,Caltech 1 (Faces),0,387.5134582519531,175.85719299316406,175.81436157226562
75,1,48400,2020-01-01T02_22_22,0.243690624833107,0.9999817609786988,0.9999977350234984,8.0,PCA,29427200,,,3.432929952396081e-05,1.5132471323013306,0.003705007024109364,Caltech 2 (Faces),0,561.9175415039061,209.95318603515625,209.93450927734366
75,1,48400,2020-01-01T02_26_11,-6.368465423583984,0.9984236359596252,0.9998040795326232,2.0,PCA,7356800,,,0.004085991997271776,180.11192321777344,0.004381645005196333,Caltech 0 (Faces),0,561.9175415039061,209.95318603515625,210.47113037109366
75,1,48400,2020-01-01T02_26_11,-5.4960246086120605,0.991756796836853,0.9984958171844482,2.0,PCA,7356800,,,0.01796908676624298,555.70751953125,0.003649114980362356,Caltech 1 (Faces),0,387.5134582519531,175.85719299316406,170.19422912597656
75,1,48400,2020-01-01T02_26_11,-6.368465423583984,0.9984236359596252,0.9998040795326232,2.0,PCA,7356800,,,0.004085991997271776,180.11192321777344,0.003281292039901018,Caltech 2 (Faces),0,561.9175415039061,209.95318603515625,210.47113037109366
75,1,48400,2020-01-01T02_26_29,-6.371036052703857,0.9984233975410458,0.999804139137268,4.0,PCA,14713600,,,0.004086645320057869,180.14071655273438,0.0038118520751595493,Caltech 0 (Faces),0,561.9175415039061,209.95318603515625,210.4710998535156
75,1,48400,2020-01-01T02_26_29,-5.487878322601318,0.9917563796043396,0.998495876789093,4.0,PCA,14713600,,,0.017966434359550476,555.62548828125,0.004085398046299815,Caltech 1 (Faces),0,387.5134582519531,175.85719299316406,170.1933135986328
75,1,48400,2020-01-01T02_26_29,-6.371036052703857,0.9984233975410458,0.999804139137268,4.0,PCA,14713600,,,0.004086645320057869,180.14071655273438,0.0035160549450665712,Caltech 2 (Faces),0,561.9175415039061,209.95318603515625,210.4710998535156
75,1,48400,2020-01-01T02_27_39,-6.523025989532473,0.9984290599822998,0.9998049736022948,1.0,PCA,3678400,,,0.004113253671675921,181.31362915039062,0.0032554829958826303,Caltech 0 (Faces),0,561.9175415039061,209.95318603515625,210.3365173339844
75,1,48400,2020-01-01T02_27_39,-4.083154201507568,0.9917802810668944,0.9985120296478271,1.0,PCA,3678400,,,0.017539793625473976,542.4313354492189,0.0035725259222090244,Caltech 1 (Faces),0,387.5134582519531,175.85719299316406,170.0015106201172
75,1,48400,2020-01-01T02_27_39,-6.523025989532473,0.9984290599822998,0.9998049736022948,1.0,PCA,3678400,,,0.004113253671675921,181.31362915039062,0.003550813067704439,Caltech 2 (Faces),0,561.9175415039061,209.95318603515625,210.3365173339844
75,1,48400,2020-01-01T02_33_51,-5.134598255157471,0.9942399263381958,0.9994834661483765,1.0,PCA,3678400,,,0.013173185288906097,209.8835906982422,0.003147912910208106,Caltech 0 (helicopter),0,407.1923522949219,126.22455596923828,124.7906494140625
75,1,48400,2020-01-01T02_33_51,-6.926280975341797,0.9837623238563538,0.9987581968307495,1.0,PCA,3678400,,,0.036955710500478745,484.77593994140625,0.0034352450165897608,Caltech 1 (helicopter),0,410.9469909667969,114.53276824951172,108.89757537841797
75,1,48400,2020-01-01T02_33_51,-4.653836727142334,0.9962090849876404,0.9994314908981323,1.0,PCA,3678400,,,0.008350923657417297,233.82623291015625,0.00313846196513623,Caltech 2 (helicopter),0,399.81072998046875,167.33213806152344,167.2251739501953
