D,M,N,__pyience_timestamp__,acc_amm,acc_orig,alpha,bias,canCheat,corr,cossim,d,lut_work_const,method,muls,ncentroids,ncodebooks,nlookups,nnz,normalized_mse,problem,r,raw_mse,s,secs,sparsity,task_id,trial,y_mean,y_std,yhat_mean,yhat_std
512,10,10000,2019-12-31T16_39_16,0.1,0.9359,,-0.5382037758827211,,,,1.0,,Hadamard,5220000.0,,,,,4.067399501800537,,0.03582615777850151,55.040916442871094,,0.008954477030783892,,CIFAR-10 Softmax,1,0.045806057751178735,3.67861557006836,,6.549725532531737
512,10,10000,2019-12-31T16_39_16,0.1,0.9359,,-0.5382037758827211,,,,1.0,,Hadamard,5220000.0,,,,,4.067399501800537,,0.03582615777850151,55.040916442871094,,0.008385336026549341,,CIFAR-10 Softmax,2,0.045806057751178735,3.67861557006836,,6.549725532531737
512,10,10000,2019-12-31T16_39_16,0.1,0.9359,,-0.5382037758827211,,,,1.0,,Hadamard,5220000.0,,,,,4.067399501800537,,0.03582615777850151,55.040916442871094,,0.008406831067986786,,CIFAR-10 Softmax,3,0.045806057751178735,3.67861557006836,,6.549725532531737
512,10,10000,2019-12-31T16_39_16,0.1,0.9359,,-0.5382037758827211,,,,1.0,,Hadamard,5220000.0,,,,,4.067399501800537,,0.03582615777850151,55.040916442871094,,0.008423335035331547,,CIFAR-10 Softmax,4,0.045806057751178735,3.67861557006836,,6.549725532531737
512,10,10000,2019-12-31T16_39_16,0.1,0.9359,,-0.3560718297958374,,,,2.0,,Hadamard,10440000.0,,,,,2.433689832687378,,0.06341934949159622,32.93320846557617,,0.011400852934457362,,CIFAR-10 Softmax,1,0.045806057751178735,3.67861557006836,,4.626485347747803
512,10,10000,2019-12-31T16_39_16,0.1,0.9359,,-0.3560718297958374,,,,2.0,,Hadamard,10440000.0,,,,,2.433689832687378,,0.06341934949159622,32.93320846557617,,0.0110558649757877,,CIFAR-10 Softmax,2,0.045806057751178735,3.67861557006836,,4.626485347747803
512,10,10000,2019-12-31T16_39_16,0.1,0.9359,,-0.3560718297958374,,,,2.0,,Hadamard,10440000.0,,,,,2.433689832687378,,0.06341934949159622,32.93320846557617,,0.013119188020937143,,CIFAR-10 Softmax,3,0.045806057751178735,3.67861557006836,,4.626485347747803
512,10,10000,2019-12-31T16_39_16,0.1,0.9359,,-0.3560718297958374,,,,2.0,,Hadamard,10440000.0,,,,,2.433689832687378,,0.06341934949159622,32.93320846557617,,0.011105282930657271,,CIFAR-10 Softmax,4,0.045806057751178735,3.67861557006836,,4.626485347747803
512,10,10000,2019-12-31T16_39_17,0.1002,0.9359,,-0.2090417444705963,,,,4.0,,Hadamard,20880000.0,,,,,1.614171266555786,,0.12838293612003324,21.843307495117188,,0.009705904987640679,,CIFAR-10 Softmax,1,0.045806057751178735,3.67861557006836,,3.3836956024169917
512,10,10000,2019-12-31T16_39_17,0.1002,0.9359,,-0.2090417444705963,,,,4.0,,Hadamard,20880000.0,,,,,1.614171266555786,,0.12838293612003324,21.843307495117188,,0.010266563040204344,,CIFAR-10 Softmax,2,0.045806057751178735,3.67861557006836,,3.3836956024169917
512,10,10000,2019-12-31T16_39_17,0.1002,0.9359,,-0.2090417444705963,,,,4.0,,Hadamard,20880000.0,,,,,1.614171266555786,,0.12838293612003324,21.843307495117188,,0.012528080958873034,,CIFAR-10 Softmax,3,0.045806057751178735,3.67861557006836,,3.3836956024169917
512,10,10000,2019-12-31T16_39_17,0.1002,0.9359,,-0.2090417444705963,,,,4.0,,Hadamard,20880000.0,,,,,1.614171266555786,,0.12838293612003324,21.843307495117188,,0.01352416502777487,,CIFAR-10 Softmax,4,0.045806057751178735,3.67861557006836,,3.3836956024169917
512,10,10000,2019-12-31T16_39_17,0.1175,0.9359,,-0.10701387375593184,,,,8.0,,Hadamard,41760000.0,,,,,1.176796317100525,,0.19943934679031367,15.924657821655273,,0.010552998050116004,,CIFAR-10 Softmax,1,0.045806057751178735,3.67861557006836,,2.4402785301208496
512,10,10000,2019-12-31T16_39_17,0.1175,0.9359,,-0.10701387375593184,,,,8.0,,Hadamard,41760000.0,,,,,1.176796317100525,,0.19943934679031367,15.924657821655273,,0.010211772983893752,,CIFAR-10 Softmax,2,0.045806057751178735,3.67861557006836,,2.4402785301208496
512,10,10000,2019-12-31T16_39_17,0.1175,0.9359,,-0.10701387375593184,,,,8.0,,Hadamard,41760000.0,,,,,1.176796317100525,,0.19943934679031367,15.924657821655273,,0.010561492992565036,,CIFAR-10 Softmax,3,0.045806057751178735,3.67861557006836,,2.4402785301208496
512,10,10000,2019-12-31T16_39_17,0.1175,0.9359,,-0.10701387375593184,,,,8.0,,Hadamard,41760000.0,,,,,1.176796317100525,,0.19943934679031367,15.924657821655273,,0.010358593077398837,,CIFAR-10 Softmax,4,0.045806057751178735,3.67861557006836,,2.4402785301208496
512,10,10000,2020-01-05T14_34_21,0.9359,0.9359,,,,1.0000001192092896,0.9999997019767758,,,Exact,51200000.0,,,,,2.0634103759941018e-14,,,2.7922507513621075e-13,,0.004059106984641403,,CIFAR-10 Softmax,0,0.045806057751178735,3.67861557006836,0.04580600932240486,3.67861557006836
512,10,10000,2020-01-05T14_34_22,0.9312,0.9359,,,,0.9444327354431152,0.9443358778953552,,,Bolt,81920000.0,,2.0,200000.0,,0.10900962352752687,,,1.4751414060592651,,0.43917500000679865,,CIFAR-10 Softmax,0,0.045806057751178735,3.67861557006836,-0.0058949156664311895,3.3727164268493652
512,10,10000,2020-01-05T14_34_24,0.9319,0.9359,,,,0.9509204626083374,0.9508860111236572,,,Bolt,81920000.0,,4.0,400000.0,,0.09591533988714218,,,1.2979466915130615,,0.4259584390092641,,CIFAR-10 Softmax,0,0.045806057751178735,3.67861557006836,0.012423552572727205,3.4645137786865234
512,10,10000,2020-01-05T14_34_25,0.9348,0.9359,,,,0.9529919028282166,0.9529487490653992,,,Bolt,81920000.0,,8.0,800000.0,,0.09191542863845824,,,1.2438191175460815,,0.44405835098586977,,CIFAR-10 Softmax,0,0.045806057751178735,3.67861557006836,0.009714527986943722,3.518616914749145
512,10,10000,2020-01-05T14_34_26,0.9349,0.9359,,,,0.9582217335700988,0.958169400691986,,,Bolt,81920000.0,,16.0,1600000.0,,0.09111545979976654,,,1.232993721961975,,0.3796850109938532,,CIFAR-10 Softmax,0,0.045806057751178735,3.67861557006836,0.005646158009767532,3.17233943939209
512,10,10000,2020-01-05T14_34_27,0.9336,0.9359,,,,0.9650495648384094,0.964890480041504,,,Bolt,81920000.0,,32.0,3200000.0,,0.06966719776391983,,,0.9427513480186462,,0.4139493120019324,,CIFAR-10 Softmax,0,0.045806057751178735,3.67861557006836,-0.01921083778142929,3.4544172286987305
512,10,10000,2020-01-05T14_34_29,0.9356,0.9359,,,,0.9766643643379213,0.9763723611831664,,,Bolt,81920000.0,,64.0,6400000.0,,0.0481194294989109,,,0.651162326335907,,0.5058374740183353,,CIFAR-10 Softmax,0,0.045806057751178735,3.67861557006836,-0.04089796170592308,3.453321695327759
512,10,10000,2020-01-05T14_37_56,0.1,0.9359,,,,0.2745848000049591,0.27446529269218445,1.0,,FastJL,916442.0,,,,,0.9961631894111632,,,13.480291366577148,,0.08375083497958258,,CIFAR-10 Softmax,0,0.045806057751178735,3.67861557006836,-0.00019772708765231078,0.027112135663628568
512,10,10000,2020-01-05T14_37_56,0.1,0.9359,,,,0.2753449082374573,0.27524620294570923,1.0,,FastJL,916442.0,,,,,0.994426131248474,,,13.456785202026367,,0.07236956298584117,,CIFAR-10 Softmax,1,0.045806057751178735,3.67861557006836,-0.0002274846483487636,0.03903098031878472
512,10,10000,2020-01-05T14_37_56,0.1,0.9359,,,,0.21447350084781647,0.21460236608982086,1.0,,FastJL,916442.0,,,,,0.9959184527397156,,,13.476980209350586,,0.1026388769969344,,CIFAR-10 Softmax,2,0.045806057751178735,3.67861557006836,0.0004902930813841522,0.03717968240380287
512,10,10000,2020-01-05T14_37_56,0.1,0.9359,,,,0.22922009229660034,0.2291516214609146,1.0,,FastJL,916442.0,,,,,0.9986571073532104,,,13.514039993286133,,0.07789826099178754,,CIFAR-10 Softmax,3,0.045806057751178735,3.67861557006836,-4.749118306790479e-05,0.012108373455703259
512,10,10000,2020-01-05T14_37_56,0.1,0.9359,,,,0.2009268403053284,0.2012297511100769,1.0,,FastJL,916442.0,,,,,0.9981828927993774,,,13.507622718811035,,0.06437148302211426,,CIFAR-10 Softmax,4,0.045806057751178735,3.67861557006836,0.0015980050666257741,0.0181781817227602
512,10,10000,2020-01-05T14_37_56,0.1,0.9359,,,,0.2459699362516403,0.2454303652048111,1.0,,FastJL,916442.0,,,,,0.9965583086013794,,,13.485638618469238,,0.059026971022831276,,CIFAR-10 Softmax,5,0.045806057751178735,3.67861557006836,-0.000870338117238134,0.02735185995697975
512,10,10000,2020-01-05T14_37_56,0.1,0.9359,,,,0.2953265011310577,0.2955397665500641,1.0,,FastJL,916442.0,,,,,0.9942856431007384,,,13.45488452911377,,0.059225961973425,,CIFAR-10 Softmax,6,0.045806057751178735,3.67861557006836,0.0010713093215599656,0.03714373707771301
512,10,10000,2020-01-05T14_37_56,0.1,0.9359,,,,0.17012494802474976,0.16867133975028992,1.0,,FastJL,916442.0,,,,,0.9956289529800416,,,13.473062515258787,,0.05253758098115213,,CIFAR-10 Softmax,7,0.045806057751178735,3.67861557006836,0.0113506019115448,0.05022008344531058
512,10,10000,2020-01-05T14_37_56,0.1,0.9359,,,,0.2434447258710861,0.24328893423080444,1.0,,FastJL,916442.0,,,,,0.9971297383308412,,,13.49337100982666,,0.05093931799638085,,CIFAR-10 Softmax,8,0.045806057751178735,3.67861557006836,-0.00023195655376184726,0.023167576640844345
512,10,10000,2020-01-05T14_37_56,0.1,0.9359,,,,0.1839459240436554,0.1843300461769104,1.0,,FastJL,916442.0,,,,,0.9961509704589844,,,13.48012638092041,,0.04553985199891032,,CIFAR-10 Softmax,9,0.045806057751178735,3.67861557006836,0.0021398141980171204,0.04114612564444542
512,10,10000,2020-01-05T14_37_57,0.1,0.9359,,,,0.21395578980445865,0.20949167013168327,2.0,,FastJL,1827764.0,,,,,0.9938976168632508,,,13.449633598327635,,0.08828878801432437,,CIFAR-10 Softmax,0,0.045806057751178735,3.67861557006836,-0.008757648058235645,0.05637044459581375
512,10,10000,2020-01-05T14_37_57,0.1,0.9359,,,,0.4193687140941621,0.41940400004386896,2.0,,FastJL,1827764.0,,,,,0.9892744421958924,,,13.38707160949707,,0.11808319398551248,,CIFAR-10 Softmax,1,0.045806057751178735,3.67861557006836,0.00029455419280566275,0.04847369343042374
512,10,10000,2020-01-05T14_37_57,0.1,0.9359,,,,0.2685554325580597,0.2686980068683624,2.0,,FastJL,1827764.0,,,,,0.9927858114242554,,,13.434588432312012,,0.07339538101223297,,CIFAR-10 Softmax,2,0.045806057751178735,3.67861557006836,0.0008199996664188802,0.05179055407643318
512,10,10000,2020-01-05T14_37_57,0.1,0.9359,,,,0.3484117090702057,0.348324716091156,2.0,,FastJL,1827764.0,,,,,0.9891547560691832,,,13.385452270507812,,0.05888482899172232,,CIFAR-10 Softmax,3,0.045806057751178735,3.67861557006836,-0.0002689171233214438,0.05945996567606926
512,10,10000,2020-01-05T14_37_57,0.1,0.9359,,,,0.20530833303928367,0.20426905155181885,2.0,,FastJL,1827764.0,,,,,0.9967619776725768,,,13.488394737243652,,0.05810979098896496,,CIFAR-10 Softmax,4,0.045806057751178735,3.67861557006836,0.005503391847014427,0.030706331133842468
512,10,10000,2020-01-05T14_37_57,0.1,0.9359,,,,0.2562688589096069,0.2563157081604004,2.0,,FastJL,1827764.0,,,,,0.9931390881538392,,,13.439369201660154,,0.05876287800492719,,CIFAR-10 Softmax,5,0.045806057751178735,3.67861557006836,0.004724775906652212,0.0515463761985302
512,10,10000,2020-01-05T14_37_57,0.1,0.9359,,,,0.3466009795665741,0.346314400434494,2.0,,FastJL,1827764.0,,,,,0.990053415298462,,,13.397612571716307,,0.04858339499332942,,CIFAR-10 Softmax,6,0.045806057751178735,3.67861557006836,-0.0009256600169464946,0.05481785535812378
512,10,10000,2020-01-05T14_37_57,0.1,0.9359,,,,0.34476280212402344,0.3442714512348175,2.0,,FastJL,1827764.0,,,,,0.9927954673767092,,,13.43471908569336,,0.048281335999490686,,CIFAR-10 Softmax,7,0.045806057751178735,3.67861557006836,-0.0010833729756996038,0.03993121162056923
512,10,10000,2020-01-05T14_37_57,0.1,0.9359,,,,0.27246570587158203,0.2727288007736206,2.0,,FastJL,1827764.0,,,,,0.9939790964126588,,,13.450736045837402,,0.06716908799717203,,CIFAR-10 Softmax,8,0.045806057751178735,3.67861557006836,0.0019105098908767106,0.0425066240131855
512,10,10000,2020-01-05T14_37_57,0.1,0.9359,,,,0.2969359755516052,0.29564204812049866,2.0,,FastJL,1827764.0,,,,,0.9933553338050842,,,13.44229507446289,,0.06097762499121018,,CIFAR-10 Softmax,9,0.045806057751178735,3.67861557006836,-0.002573514124378562,0.04307996854186058
512,10,10000,2020-01-05T14_37_58,0.1,0.9359,,,,0.5225435495376587,0.5225540995597839,4.0,,FastJL,3650408.0,,,,,0.982083022594452,,,13.289755821228027,,0.10809406198677607,,CIFAR-10 Softmax,0,0.045806057751178735,3.67861557006836,0.0002928463509306312,0.06469318270683289
512,10,10000,2020-01-05T14_37_58,0.1,0.9359,,,,0.4069364666938782,0.4068533480167389,4.0,,FastJL,3650408.0,,,,,0.9888452291488647,,,13.381263732910154,,0.06737230002181605,,CIFAR-10 Softmax,1,0.045806057751178735,3.67861557006836,0.003383213886991143,0.05191907659173012
512,10,10000,2020-01-05T14_37_58,0.1,0.9359,,,,0.37669503688812256,0.3759209215641022,4.0,,FastJL,3650408.0,,,,,0.9844956994056702,,,13.322404861450195,,0.059046110982308164,,CIFAR-10 Softmax,2,0.045806057751178735,3.67861557006836,-0.002995771123096347,0.07880280166864395
512,10,10000,2020-01-05T14_37_58,0.1,0.9359,,,,0.4366862177848816,0.436786949634552,4.0,,FastJL,3650408.0,,,,,0.9886334538459778,,,13.378397941589355,,0.059319947991753,,CIFAR-10 Softmax,3,0.045806057751178735,3.67861557006836,0.0007152120233513415,0.049263518303632736
512,10,10000,2020-01-05T14_37_58,0.1,0.9359,,,,0.3026575744152069,0.302350252866745,4.0,,FastJL,3650408.0,,,,,0.9917380213737488,,,13.420409202575685,,0.05234596200170927,,CIFAR-10 Softmax,4,0.045806057751178735,3.67861557006836,-0.0009748620796017348,0.05242665484547615
512,10,10000,2020-01-05T14_37_58,0.1,0.9359,,,,0.4548878371715546,0.4550158977508545,4.0,,FastJL,3650408.0,,,,,0.9837670922279358,,,13.312544822692873,,0.04846227599773556,,CIFAR-10 Softmax,5,0.045806057751178735,3.67861557006836,0.002224783878773452,0.06756806373596191
512,10,10000,2020-01-05T14_37_58,0.1,0.9359,,,,0.3865645825862885,0.3860614001750946,4.0,,FastJL,3650408.0,,,,,0.9896498918533324,,,13.392152786254885,,0.04925868398277089,,CIFAR-10 Softmax,6,0.045806057751178735,3.67861557006836,-0.0013671779306605456,0.05094179883599281
512,10,10000,2020-01-05T14_37_58,0.1,0.9359,,,,0.5122495889663696,0.5109752416610718,4.0,,FastJL,3650408.0,,,,,0.985422670841217,,,13.334948539733887,,0.06904736298019998,,CIFAR-10 Softmax,7,0.045806057751178735,3.67861557006836,0.005256590433418751,0.05353839322924614
512,10,10000,2020-01-05T14_37_58,0.1,0.9359,,,,0.4464542865753174,0.4461365342140198,4.0,,FastJL,3650408.0,,,,,0.9840596318244934,,,13.316503524780273,,0.06989882100606337,,CIFAR-10 Softmax,8,0.045806057751178735,3.67861557006836,-0.0011751571437343955,0.06774001568555832
512,10,10000,2020-01-05T14_37_58,0.1,0.9359,,,,0.482956200838089,0.4810743629932404,4.0,,FastJL,3650408.0,,,,,0.9824188947677612,,,13.29430103302002,,0.0842859799740836,,CIFAR-10 Softmax,9,0.045806057751178735,3.67861557006836,-0.004516805522143841,0.06900932639837265
512,10,10000,2020-01-05T14_37_59,0.1105,0.9359,,,,0.6049489378929138,0.6039232015609741,8.0,,FastJL,7295696.0,,,,,0.9650298357009888,,,13.058988571166992,,0.06717449898133054,,CIFAR-10 Softmax,0,0.045806057751178735,3.67861557006836,-0.004377079196274281,0.10958829522132874
512,10,10000,2020-01-05T14_37_59,0.2465,0.9359,,,,0.555495023727417,0.5552397966384888,8.0,,FastJL,7295696.0,,,,,0.956624448299408,,,12.945244789123535,,0.05947990398271941,,CIFAR-10 Softmax,1,0.045806057751178735,3.67861557006836,0.008673639036715029,0.14942166209220886
512,10,10000,2020-01-05T14_37_59,0.1,0.9359,,,,0.5232357978820801,0.5212118625640869,8.0,,FastJL,7295696.0,,,,,0.965219259262085,,,13.061552047729492,,0.05956226700800471,,CIFAR-10 Softmax,2,0.045806057751178735,3.67861557006836,0.014514735899865627,0.12668640911579132
512,10,10000,2020-01-05T14_37_59,0.1,0.9359,,,,0.5281553864479065,0.5269253849983215,8.0,,FastJL,7295696.0,,,,,0.9753618240356444,,,13.198802947998047,,0.052721306012244895,,CIFAR-10 Softmax,3,0.045806057751178735,3.67861557006836,-0.004209592938423157,0.08846008777618407
512,10,10000,2020-01-05T14_37_59,0.1004,0.9359,,,,0.565956175327301,0.5653653740882874,8.0,,FastJL,7295696.0,,,,,0.9730468392372132,,,13.167476654052734,,0.060887563013238825,,CIFAR-10 Softmax,4,0.045806057751178735,3.67861557006836,-0.002448013750836253,0.09010444581508636
512,10,10000,2020-01-05T14_37_59,0.1,0.9359,,,,0.5328243374824524,0.5309132337570189,8.0,,FastJL,7295696.0,,,,,0.9758507609367372,,,13.205419540405273,,0.06447497999761254,,CIFAR-10 Softmax,5,0.045806057751178735,3.67861557006836,0.009481534361839294,0.08556711673736572
512,10,10000,2020-01-05T14_37_59,0.1,0.9359,,,,0.5184385180473328,0.5185190439224243,8.0,,FastJL,7295696.0,,,,,0.973207414150238,,,13.169649124145508,,0.0696699199907016,,CIFAR-10 Softmax,6,0.045806057751178735,3.67861557006836,0.0033856313675642014,0.09804604947566986
512,10,10000,2020-01-05T14_37_59,0.1574,0.9359,,,,0.5048352479934692,0.5049493908882141,8.0,,FastJL,7295696.0,,,,,0.968762457370758,,,13.109498977661133,,0.08037360702292062,,CIFAR-10 Softmax,7,0.045806057751178735,3.67861557006836,0.002969495020806789,0.11805640906095505
512,10,10000,2020-01-05T14_37_59,0.1273,0.9359,,,,0.6052750945091248,0.6053541302680969,8.0,,FastJL,7295696.0,,,,,0.9651753902435304,,,13.060957908630373,,0.09117041502031498,,CIFAR-10 Softmax,8,0.045806057751178735,3.67861557006836,0.0019477319438010454,0.10892107337713244
512,10,10000,2020-01-05T14_37_59,0.1277,0.9359,,,,0.5607060194015503,0.5608000159263611,8.0,,FastJL,7295696.0,,,,,0.9658613204956056,,,13.070240020751953,,0.0635875909938477,,CIFAR-10 Softmax,9,0.045806057751178735,3.67861557006836,0.002731660846620798,0.11568034440279007
512,10,10000,2020-01-05T14_38_01,0.1528,0.9359,,,,0.15470629930496216,0.15160684287548065,1.0,,HashJL,5225120.0,,,,,2.89033317565918,,,39.11260223388672,,0.061363005981547765,,CIFAR-10 Softmax,0,0.045806057751178735,3.67861557006836,-0.7605895400047302,5.594440460205078
512,10,10000,2020-01-05T14_38_01,0.1192,0.9359,,,,0.0810570940375328,0.07881896942853928,1.0,,HashJL,5225120.0,,,,,7.192931652069093,,,97.3362808227539,,0.06275592400925234,,CIFAR-10 Softmax,1,0.045806057751178735,3.67861557006836,-1.1976218223571775,9.372694969177246
512,10,10000,2020-01-05T14_38_01,0.1958,0.9359,,,,0.19875243306159973,0.19643516838550568,1.0,,HashJL,5225120.0,,,,,3.3725578784942627,,,45.63816833496094,,0.06850888801272959,,CIFAR-10 Softmax,2,0.045806057751178735,3.67861557006836,1.4492038488388062,6.26927375793457
512,10,10000,2020-01-05T14_38_01,0.1415,0.9359,,,,0.16596205532550812,0.1642742156982422,1.0,,HashJL,5225120.0,,,,,4.26446008682251,,,57.70758056640625,,0.0871574440097902,,CIFAR-10 Softmax,3,0.045806057751178735,3.67861557006836,-0.6230100393295288,7.251351356506348
512,10,10000,2020-01-05T14_38_01,0.1945,0.9359,,,,0.33522337675094604,0.33532342314720154,1.0,,HashJL,5225120.0,,,,,6.889100074768066,,,93.22476196289062,,0.06798519400763325,,CIFAR-10 Softmax,4,0.045806057751178735,3.67861557006836,0.12403365224599835,10.244656562805176
512,10,10000,2020-01-05T14_38_01,0.1948,0.9359,,,,0.2604869604110718,0.2603273093700409,1.0,,HashJL,5225120.0,,,,,7.708469867706299,,,104.31265258789062,,0.06197249100659974,,CIFAR-10 Softmax,5,0.045806057751178735,3.67861557006836,-0.10662516951560974,10.532958984375
512,10,10000,2020-01-05T14_38_01,0.1353,0.9359,,,,0.20730619132518768,0.20763967931270602,1.0,,HashJL,5225120.0,,,,,3.0872879028320312,,,41.77783584594727,,0.05808254197472705,,CIFAR-10 Softmax,6,0.045806057751178735,3.67861557006836,0.2747295796871185,6.126811981201173
512,10,10000,2020-01-05T14_38_01,0.1895,0.9359,,,,0.24242210388183594,0.2426525801420212,1.0,,HashJL,5225120.0,,,,,4.159229755401611,,,56.2835807800293,,0.05588854500092566,,CIFAR-10 Softmax,7,0.045806057751178735,3.67861557006836,0.2043011337518692,7.488861560821532
512,10,10000,2020-01-05T14_38_01,0.1383,0.9359,,,,0.16828420758247375,0.1687278300523758,1.0,,HashJL,5225120.0,,,,,1.9552080631256104,,,26.458290100097656,,0.052919553010724485,,CIFAR-10 Softmax,8,0.045806057751178735,3.67861557006836,0.3414786458015442,4.25524377822876
512,10,10000,2020-01-05T14_38_01,0.1503,0.9359,,,,0.26084521412849426,0.2609507739543915,1.0,,HashJL,5225120.0,,,,,4.449130058288574,,,60.20657348632813,,0.05439394299173728,,CIFAR-10 Softmax,9,0.045806057751178735,3.67861557006836,0.09032031893730164,7.858325481414795
512,10,10000,2020-01-05T14_38_02,0.2931,0.9359,,,,0.3403311371803284,0.3405072093009949,2.0,,HashJL,5325120.0,,,,,4.4088134765625,,,59.6609992980957,,0.0734980659908615,,CIFAR-10 Softmax,0,0.045806057751178735,3.67861557006836,0.1991162896156311,8.156487464904785
512,10,10000,2020-01-05T14_38_02,0.2986,0.9359,,,,0.3347398042678833,0.3349072337150574,2.0,,HashJL,5325120.0,,,,,4.790501117706299,,,64.82608032226561,,0.08740332600427791,,CIFAR-10 Softmax,1,0.045806057751178735,3.67861557006836,0.1880028247833252,8.49704647064209
512,10,10000,2020-01-05T14_38_02,0.2951,0.9359,,,,0.2606261372566223,0.2608741223812103,2.0,,HashJL,5325120.0,,,,,3.474900722503662,,,47.0230941772461,,0.06968905997928232,,CIFAR-10 Softmax,2,0.045806057751178735,3.67861557006836,0.22415649890899653,6.82204008102417
512,10,10000,2020-01-05T14_38_02,0.22,0.9359,,,,0.3033784329891205,0.3033784031867981,2.0,,HashJL,5325120.0,,,,,1.419554352760315,,,19.2097110748291,,0.05930634500691667,,CIFAR-10 Softmax,3,0.045806057751178735,3.67861557006836,0.0072481916286051265,3.7468864917755127
512,10,10000,2020-01-05T14_38_02,0.3139,0.9359,,,,0.395042896270752,0.3941826522350311,2.0,,HashJL,5325120.0,,,,,3.850538492202759,,,52.10630416870117,,0.05469691299367696,,CIFAR-10 Softmax,4,0.045806057751178735,3.67861557006836,-0.3173516094684601,7.8214149475097665
512,10,10000,2020-01-05T14_38_02,0.3242,0.9359,,,,0.4139648079872131,0.4137386381626129,2.0,,HashJL,5325120.0,,,,,1.6014981269836426,,,21.67181205749512,,0.054084891016827896,,CIFAR-10 Softmax,5,0.045806057751178735,3.67861557006836,-0.06104471161961556,4.755023002624512
512,10,10000,2020-01-05T14_38_02,0.3193,0.9359,,,,0.3676429688930512,0.3661186695098877,2.0,,HashJL,5325120.0,,,,,2.3265390396118164,,,31.48321914672852,,0.05267803600872867,,CIFAR-10 Softmax,6,0.045806057751178735,3.67861557006836,0.7521758675575256,5.7434401512146
512,10,10000,2020-01-05T14_38_02,0.3784,0.9359,,,,0.3704798221588135,0.370300829410553,2.0,,HashJL,5325120.0,,,,,5.570694923400879,,,75.38382720947266,,0.05579430700163357,,CIFAR-10 Softmax,7,0.045806057751178735,3.67861557006836,-0.09749677777290344,9.343358039855957
512,10,10000,2020-01-05T14_38_02,0.2349,0.9359,,,,0.26981499791145325,0.2674055099487305,2.0,,HashJL,5325120.0,,,,,1.5378893613815308,,,20.811044692993164,,0.06069251301232725,,CIFAR-10 Softmax,8,0.045806057751178735,3.67861557006836,0.7166858315467834,3.7878808975219727
512,10,10000,2020-01-05T14_38_02,0.2557,0.9359,,,,0.3736456334590912,0.3734149634838104,2.0,,HashJL,5325120.0,,,,,3.4823637008666988,,,47.12408447265625,,0.06753715602098964,,CIFAR-10 Softmax,9,0.045806057751178735,3.67861557006836,0.5865224599838257,7.306509017944336
512,10,10000,2020-01-05T14_38_03,0.5289,0.9359,,,,0.47261181473732,0.4725951552391052,4.0,,HashJL,5525120.0,,,,,1.3073879480361938,,,17.691850662231445,,0.05946361500537022,,CIFAR-10 Softmax,0,0.045806057751178735,3.67861557006836,0.0073450617492198935,4.418247699737549
512,10,10000,2020-01-05T14_38_03,0.4724,0.9359,,,,0.5224423408508301,0.5225307941436768,4.0,,HashJL,5525120.0,,,,,3.5298371315002437,,,47.76650619506836,,0.05741598500753752,,CIFAR-10 Softmax,1,0.045806057751178735,3.67861557006836,0.12307149171829225,8.079938888549805
512,10,10000,2020-01-05T14_38_03,0.4736,0.9359,,,,0.42301785945892334,0.42316058278083796,4.0,,HashJL,5525120.0,,,,,1.9152680635452268,,,25.917814254760746,,0.05714379099663348,,CIFAR-10 Softmax,2,0.045806057751178735,3.67861557006836,0.1913704723119736,5.401366710662842
512,10,10000,2020-01-05T14_38_03,0.4612,0.9359,,,,0.444250762462616,0.4441875815391541,4.0,,HashJL,5525120.0,,,,,5.54276704788208,,,75.00589752197266,,0.054724966001231216,,CIFAR-10 Softmax,3,0.045806057751178735,3.67861557006836,-0.02139079011976719,9.642966270446776
512,10,10000,2020-01-05T14_38_03,0.4943,0.9359,,,,0.4020204842090607,0.398210734128952,4.0,,HashJL,5525120.0,,,,,0.9265003204345704,,,12.537598609924315,,0.05284118300187402,,CIFAR-10 Softmax,4,0.045806057751178735,3.67861557006836,-0.2777141332626343,2.521857023239136
512,10,10000,2020-01-05T14_38_03,0.3797,0.9359,,,,0.4309071302413941,0.43012478947639465,4.0,,HashJL,5525120.0,,,,,1.3059686422348022,,,17.672645568847656,,0.05979840000509285,,CIFAR-10 Softmax,5,0.045806057751178735,3.67861557006836,0.3926728367805481,4.1410741806030265
512,10,10000,2020-01-05T14_38_03,0.4544,0.9359,,,,0.47745665907859797,0.4774636328220368,4.0,,HashJL,5525120.0,,,,,1.3143715858459473,,,17.78635597229004,,0.062406350014498464,,CIFAR-10 Softmax,6,0.045806057751178735,3.67861557006836,0.017066610977053642,4.465288162231445
512,10,10000,2020-01-05T14_38_03,0.7142,0.9359,,,,0.5097959041595459,0.5098997354507446,4.0,,HashJL,5525120.0,,,,,1.4114177227020264,,,19.0996036529541,,0.0633923530112952,,CIFAR-10 Softmax,7,0.045806057751178735,3.67861557006836,0.14766138792037964,4.887639045715332
512,10,10000,2020-01-05T14_38_03,0.4728,0.9359,,,,0.4835286140441895,0.4828870892524719,4.0,,HashJL,5525120.0,,,,,1.3313347101211548,,,18.01590347290039,,0.06182861200068146,,CIFAR-10 Softmax,8,0.045806057751178735,3.67861557006836,-0.13833728432655334,4.537993431091309
512,10,10000,2020-01-05T14_38_03,0.3616,0.9359,,,,0.3763191998004913,0.3755578100681305,4.0,,HashJL,5525120.0,,,,,1.2444427013397217,,,16.840063095092773,,0.05857154799741693,,CIFAR-10 Softmax,9,0.045806057751178735,3.67861557006836,0.3793424069881439,3.645524501800537
512,10,10000,2020-01-05T14_38_04,0.4088,0.9359,,,,0.4883159995079041,0.488433301448822,8.0,,HashJL,5925120.0,,,,,1.1232178211212158,,,15.19962215423584,,0.06706727101118304,,CIFAR-10 Softmax,0,0.045806057751178735,3.67861557006836,0.08729170262813568,4.00822114944458
512,10,10000,2020-01-05T14_38_04,0.4639,0.9359,,,,0.55939781665802,0.5579167008399963,8.0,,HashJL,5925120.0,,,,,0.744660496711731,,,10.076904296875,,0.06779339400236495,,CIFAR-10 Softmax,1,0.045806057751178735,3.67861557006836,-0.15426577627658844,2.9176013469696045
512,10,10000,2020-01-05T14_38_04,0.7155,0.9359,,,,0.6223126053810121,0.6221665740013123,8.0,,HashJL,5925120.0,,,,,0.6154394149780273,,,8.328256607055664,,0.06677529698936269,,CIFAR-10 Softmax,2,0.045806057751178735,3.67861557006836,-0.016592489555478096,2.4703903198242188
512,10,10000,2020-01-05T14_38_04,0.503,0.9359,,,,0.4858595430850983,0.4819027185440064,8.0,,HashJL,5925120.0,,,,,1.1012601852416992,,,14.902485847473145,,0.0654720040038228,,CIFAR-10 Softmax,3,0.045806057751178735,3.67861557006836,-0.4046335220336914,3.8757786750793457
512,10,10000,2020-01-05T14_38_04,0.6442,0.9359,,,,0.5393240451812744,0.5375099778175354,8.0,,HashJL,5925120.0,,,,,1.2657716274261477,,,17.128690719604492,,0.06500904698623344,,CIFAR-10 Softmax,4,0.045806057751178735,3.67861557006836,-0.2886108458042145,4.70807409286499
512,10,10000,2020-01-05T14_38_04,0.5059,0.9359,,,,0.5019388198852539,0.5014023184776306,8.0,,HashJL,5925120.0,,,,,1.0129400491714478,,,13.707320213317873,,0.06347535099484958,,CIFAR-10 Softmax,5,0.045806057751178735,3.67861557006836,-0.0977189913392067,3.7342557907104488
512,10,10000,2020-01-05T14_38_04,0.4207,0.9359,,,,0.4777740836143494,0.4778222143650055,8.0,,HashJL,5925120.0,,,,,0.9605087637901306,,,12.997808456420898,,0.08257157800835557,,CIFAR-10 Softmax,6,0.045806057751178735,3.67861557006836,0.027254568412899968,3.355740785598755
512,10,10000,2020-01-05T14_38_04,0.5093,0.9359,,,,0.5445399880409241,0.5444537401199341,8.0,,HashJL,5925120.0,,,,,0.7919850349426271,,,10.717309951782227,,0.09167081999476068,,CIFAR-10 Softmax,7,0.045806057751178735,3.67861557006836,-0.010224884375929829,3.0961220264434814
512,10,10000,2020-01-05T14_38_04,0.5492,0.9359,,,,0.558547854423523,0.5582860708236694,8.0,,HashJL,5925120.0,,,,,1.048338532447815,,,14.18634033203125,,0.0826241739850957,,CIFAR-10 Softmax,8,0.045806057751178735,3.67861557006836,-0.05743347480893135,4.260401248931885
512,10,10000,2020-01-05T14_38_04,0.5932,0.9359,,,,0.6046896576881409,0.6046522855758667,8.0,,HashJL,5925120.0,,,,,0.6639825105667114,,,8.985152244567871,,0.06886457902146502,,CIFAR-10 Softmax,9,0.045806057751178735,3.67861557006836,0.11533022671937945,2.8538286685943604
512,10,10000,2020-01-05T14_38_05,0.1157,0.9359,,,,0.21666045486927032,0.2169979214668274,1.0,,OSNAP,20600480.0,,,,,3.2025277614593506,,,43.33728408813477,,0.05212813199614175,,CIFAR-10 Softmax,0,0.045806057751178735,3.67861557006836,0.32848846912384033,6.307036399841309
512,10,10000,2020-01-05T14_38_05,0.1931,0.9359,,,,0.3149975836277008,0.3134364187717438,1.0,,OSNAP,20600480.0,,,,,10.889104843139648,,,147.3536834716797,,0.05171901598805562,,CIFAR-10 Softmax,1,0.045806057751178735,3.67861557006836,-0.8541192412376404,12.749884605407715
512,10,10000,2020-01-05T14_38_05,0.1075,0.9359,,,,0.15896816551685333,0.1547226458787918,1.0,,OSNAP,20600480.0,,,,,1.7180947065353394,,,23.249622344970703,,0.051341148995561525,,CIFAR-10 Softmax,2,0.045806057751178735,3.67861557006836,-0.616721510887146,3.6864664554595934
512,10,10000,2020-01-05T14_38_05,0.2035,0.9359,,,,0.2794957756996155,0.27931132912635803,1.0,,OSNAP,20600480.0,,,,,3.9189362525939937,,,53.03187561035156,,0.05210166098549962,,CIFAR-10 Softmax,3,0.045806057751178735,3.67861557006836,-0.08553420752286911,7.395222663879394
512,10,10000,2020-01-05T14_38_05,0.1263,0.9359,,,,0.10990922898054124,0.10311723500490187,1.0,,OSNAP,20600480.0,,,,,4.549489498138428,,,61.56465530395508,,0.05125155599671416,,CIFAR-10 Softmax,4,0.045806057751178735,3.67861557006836,-1.8622618913650515,7.0792808532714835
512,10,10000,2020-01-05T14_38_05,0.1248,0.9359,,,,0.12022877484560013,0.11590937525033952,1.0,,OSNAP,20600480.0,,,,,2.352223873138428,,,31.830793380737305,,0.05215951701393351,,CIFAR-10 Softmax,5,0.045806057751178735,3.67861557006836,-0.8648728728294373,4.645233154296875
512,10,10000,2020-01-05T14_38_05,0.218,0.9359,,,,0.2466523945331573,0.2464074939489365,1.0,,OSNAP,20600480.0,,,,,2.766757011413574,,,37.44034194946289,,0.050832809996791184,,CIFAR-10 Softmax,6,0.045806057751178735,3.67861557006836,-0.09223973006010057,5.8784894943237305
512,10,10000,2020-01-05T14_38_05,0.192,0.9359,,,,0.1940318197011948,0.19151651859283447,1.0,,OSNAP,20600480.0,,,,,3.82295036315918,,,51.73297500610352,,0.050655136990826584,,CIFAR-10 Softmax,7,0.045806057751178735,3.67861557006836,1.6259518861770632,6.731522560119629
512,10,10000,2020-01-05T14_38_05,0.2002,0.9359,,,,0.25242435932159424,0.25251641869544983,1.0,,OSNAP,20600480.0,,,,,6.924715042114258,,,93.70671081542969,,0.050530574982985854,,CIFAR-10 Softmax,8,0.045806057751178735,3.67861557006836,0.09909230470657347,9.930455207824707
512,10,10000,2020-01-05T14_38_05,0.1854,0.9359,,,,0.1376725137233734,0.13812647759914398,1.0,,OSNAP,20600480.0,,,,,6.6212806701660165,,,89.60057830810547,,0.05048180598532781,,CIFAR-10 Softmax,9,0.045806057751178735,3.67861557006836,1.1775190830230713,9.169243812561037
512,10,10000,2020-01-05T14_38_06,0.2401,0.9359,,,,0.2607205510139465,0.2589530050754547,2.0,,OSNAP,20700480.0,,,,,1.3816310167312622,,,18.69652366638184,,0.05168622199562378,,CIFAR-10 Softmax,0,0.045806057751178735,3.67861557006836,-0.26458483934402466,3.406093120574951
512,10,10000,2020-01-05T14_38_06,0.227,0.9359,,,,0.27606838941574097,0.275938481092453,2.0,,OSNAP,20700480.0,,,,,2.252647876739502,,,30.48331069946289,,0.04979177701170556,,CIFAR-10 Softmax,1,0.045806057751178735,3.67861557006836,-0.04203030839562416,5.255209922790527
512,10,10000,2020-01-05T14_38_06,0.2942,0.9359,,,,0.32640063762664795,0.32644373178482056,2.0,,OSNAP,20700480.0,,,,,4.2599077224731445,,,57.645973205566406,,0.04993301900685765,,CIFAR-10 Softmax,2,0.045806057751178735,3.67861557006836,0.04739624634385109,7.9501800537109375
512,10,10000,2020-01-05T14_38_06,0.2977,0.9359,,,,0.33213040232658386,0.33205097913742065,2.0,,OSNAP,20700480.0,,,,,1.5727481842041016,,,21.28276252746582,,0.04923040498397313,,CIFAR-10 Softmax,3,0.045806057751178735,3.67861557006836,-0.017400749027729034,4.261401653289795
512,10,10000,2020-01-05T14_38_06,0.4491,0.9359,,,,0.4363459050655365,0.43648403882980347,2.0,,OSNAP,20700480.0,,,,,1.5990822315216064,,,21.63912010192871,,0.0505767859867774,,CIFAR-10 Softmax,4,0.045806057751178735,3.67861557006836,0.11455847322940825,4.872973918914795
512,10,10000,2020-01-05T14_38_06,0.2601,0.9359,,,,0.2725683152675629,0.2707260847091675,2.0,,OSNAP,20700480.0,,,,,1.9751023054122925,,,26.727502822875977,,0.04943665399332532,,CIFAR-10 Softmax,5,0.045806057751178735,3.67861557006836,-0.3742063343524933,4.747568607330322
512,10,10000,2020-01-05T14_38_06,0.2859,0.9359,,,,0.27588948607444763,0.27611491084098816,2.0,,OSNAP,20700480.0,,,,,3.1700439453125,,,42.897708892822266,,0.05009627601248212,,CIFAR-10 Softmax,6,0.045806057751178735,3.67861557006836,0.19201618432998646,6.526163578033447
512,10,10000,2020-01-05T14_38_06,0.3006,0.9359,,,,0.3548291325569153,0.3549576699733734,2.0,,OSNAP,20700480.0,,,,,5.151483058929443,,,69.71096038818361,,0.051301418978255235,,CIFAR-10 Softmax,7,0.045806057751178735,3.67861557006836,0.145603209733963,8.912679672241211
512,10,10000,2020-01-05T14_38_06,0.2961,0.9359,,,,0.2487920820713043,0.2382799834012985,2.0,,OSNAP,20700480.0,,,,,1.6321790218353271,,,22.086992263793945,,0.04922094600624405,,CIFAR-10 Softmax,8,0.045806057751178735,3.67861557006836,-0.9554630517959596,3.8117341995239262
512,10,10000,2020-01-05T14_38_06,0.1682,0.9359,,,,0.2696690857410431,0.26177969574928284,2.0,,OSNAP,20700480.0,,,,,2.2396342754364014,,,30.30720520019531,,0.04973954099114053,,CIFAR-10 Softmax,9,0.045806057751178735,3.67861557006836,-1.0286909341812134,5.066874504089356
512,10,10000,2020-01-05T14_38_08,0.575,0.9359,,,,0.5388635993003845,0.5389626622200012,4.0,,OSNAP,20900480.0,,,,,1.0300288200378418,,,13.938569068908693,,0.09037990900105797,,CIFAR-10 Softmax,0,0.045806057751178735,3.67861557006836,0.10717553645372392,4.063615798950194
512,10,10000,2020-01-05T14_38_08,0.3318,0.9359,,,,0.3990773856639862,0.3987242579460144,4.0,,OSNAP,20900480.0,,,,,1.173371434211731,,,15.878311157226562,,0.09115088998805733,,CIFAR-10 Softmax,1,0.045806057751178735,3.67861557006836,-0.07054870575666428,3.586480140686035
512,10,10000,2020-01-05T14_38_08,0.6245,0.9359,,,,0.5012142062187195,0.5012220740318298,4.0,,OSNAP,20900480.0,,,,,1.0287160873413086,,,13.920804977416992,,0.09170114700100383,,CIFAR-10 Softmax,2,0.045806057751178735,3.67861557006836,0.01549755875021219,3.789842128753662
512,10,10000,2020-01-05T14_38_08,0.7312,0.9359,,,,0.5588299036026001,0.5589092373847961,4.0,,OSNAP,20900480.0,,,,,1.6446329355239868,,,22.255521774291992,,0.09300284000346436,,CIFAR-10 Softmax,3,0.045806057751178735,3.67861557006836,0.08323191106319427,5.654038429260254
512,10,10000,2020-01-05T14_38_08,0.5102,0.9359,,,,0.4228788018226624,0.4212453961372376,4.0,,OSNAP,20900480.0,,,,,1.1991304159164429,,,16.226886749267578,,0.09161217001383193,,CIFAR-10 Softmax,4,0.045806057751178735,3.67861557006836,-0.23749394714832306,3.7993412017822266
512,10,10000,2020-01-05T14_38_08,0.3739,0.9359,,,,0.3689072728157044,0.3680430948734283,4.0,,OSNAP,20900480.0,,,,,1.6276543140411377,,,22.02576446533203,,0.09081829400383867,,CIFAR-10 Softmax,5,0.045806057751178735,3.67861557006836,-0.18970178067684174,4.563269138336182
512,10,10000,2020-01-05T14_38_08,0.2824,0.9359,,,,0.40566930174827576,0.4057950079441071,4.0,,OSNAP,20900480.0,,,,,2.616342544555664,,,35.404903411865234,,0.12310385899036193,,CIFAR-10 Softmax,6,0.045806057751178735,3.67861557006836,0.11377041041851045,6.400970458984375
512,10,10000,2020-01-05T14_38_08,0.4068,0.9359,,,,0.4572236835956574,0.4565096497535706,4.0,,OSNAP,20900480.0,,,,,1.2256865501403809,,,16.586250305175778,,0.12714768698788248,,CIFAR-10 Softmax,7,0.045806057751178735,3.67861557006836,-0.13812971115112305,4.10045337677002
512,10,10000,2020-01-05T14_38_08,0.3858,0.9359,,,,0.3626740574836731,0.36270156502723694,4.0,,OSNAP,20900480.0,,,,,1.5897462368011477,,,21.51278305053711,,0.11109302201657556,,CIFAR-10 Softmax,8,0.045806057751178735,3.67861557006836,0.2843606770038605,4.4491963386535645
512,10,10000,2020-01-05T14_38_08,0.3968,0.9359,,,,0.4328116774559021,0.4329163730144501,4.0,,OSNAP,20900480.0,,,,,1.5701439380645752,,,21.247520446777344,,0.10906391302705742,,CIFAR-10 Softmax,9,0.045806057751178735,3.67861557006836,0.07217561453580856,4.793639183044434
512,10,10000,2020-01-05T14_38_11,0.6742,0.9359,,,,0.5672311186790466,0.5669521689414978,8.0,,OSNAP,21300480.0,,,,,0.8432339429855347,,,11.410820960998535,,0.23003885298385285,,CIFAR-10 Softmax,0,0.045806057751178735,3.67861557006836,-0.05098016932606697,3.5776805877685547
512,10,10000,2020-01-05T14_38_11,0.5663,0.9359,,,,0.5573309659957886,0.5574160218238831,8.0,,OSNAP,21300480.0,,,,,0.8097193241119385,,,10.957293510437012,,0.2216646449815016,,CIFAR-10 Softmax,1,0.045806057751178735,3.67861557006836,0.0949566811323166,3.3253574371337886
512,10,10000,2020-01-05T14_38_11,0.629,0.9359,,,,0.5259995460510254,0.5253010988235474,8.0,,OSNAP,21300480.0,,,,,0.8130319118499756,,,11.002120018005373,,0.2656503189937212,,CIFAR-10 Softmax,2,0.045806057751178735,3.67861557006836,-0.09586803615093233,3.027592420578003
512,10,10000,2020-01-05T14_38_11,0.5391,0.9359,,,,0.5013380646705627,0.5012716054916382,8.0,,OSNAP,21300480.0,,,,,1.1506410837173462,,,15.570719718933105,,0.2406193240021821,,CIFAR-10 Softmax,3,0.045806057751178735,3.67861557006836,-0.00884766411036253,4.175904273986816
512,10,10000,2020-01-05T14_38_11,0.6055,0.9359,,,,0.5498605966567993,0.5499460697174072,8.0,,OSNAP,21300480.0,,,,,0.9968847632408142,,,13.490056037902832,,0.2308424540096894,,CIFAR-10 Softmax,4,0.045806057751178735,3.67861557006836,0.11879543215036392,4.033679485321045
512,10,10000,2020-01-05T14_38_11,0.3811,0.9359,,,,0.4763813018798828,0.4764534533023834,8.0,,OSNAP,21300480.0,,,,,0.9509803652763368,,,12.868867874145508,,0.2604158540198114,,CIFAR-10 Softmax,5,0.045806057751178735,3.67861557006836,0.036799214780330665,3.3040554523468018
512,10,10000,2020-01-05T14_38_11,0.6629999999999999,0.9359,,,,0.574585497379303,0.5740325450897217,8.0,,OSNAP,21300480.0,,,,,0.7599037885665894,,,10.28317928314209,,0.2016285299905576,,CIFAR-10 Softmax,6,0.045806057751178735,3.67861557006836,-0.08232875168323517,3.210120677947998
512,10,10000,2020-01-05T14_38_11,0.644,0.9359,,,,0.5711439251899719,0.5711014270782471,8.0,,OSNAP,21300480.0,,,,,0.829066276550293,,,11.219100952148438,,0.2428066389984451,,CIFAR-10 Softmax,7,0.045806057751178735,3.67861557006836,0.0005999126587994398,3.5498533248901367
512,10,10000,2020-01-05T14_38_11,0.78,0.9359,,,,0.6529147028923035,0.6527175903320312,8.0,,OSNAP,21300480.0,,,,,0.6300073862075806,,,8.525393486022951,,0.2530534249963239,,CIFAR-10 Softmax,8,0.045806057751178735,3.67861557006836,0.1555434912443161,3.2677829265594482
512,10,10000,2020-01-05T14_38_11,0.5852,0.9359,,,,0.5869001746177673,0.5865375399589539,8.0,,OSNAP,21300480.0,,,,,0.7498718500137329,,,10.147424697875977,,0.2890750750084408,,CIFAR-10 Softmax,9,0.045806057751178735,3.67861557006836,0.19803903996944427,3.2784581184387207
512,10,10000,2020-01-05T14_38_12,0.1,0.9359,,,,0.24142409861087802,0.24131061136722565,1.0,,RandGauss,5220000.0,,,,,0.9980286955833436,,,13.505536079406738,,0.006701501988573001,,CIFAR-10 Softmax,0,0.045806057751178735,3.67861557006836,-0.00011643724428722636,0.0163562074303627
512,10,10000,2020-01-05T14_38_12,0.1,0.9359,,,,0.269307404756546,0.2690557539463043,1.0,,RandGauss,5220000.0,,,,,0.9949042201042176,,,13.463254928588867,,0.006206187012139708,,CIFAR-10 Softmax,1,0.045806057751178735,3.67861557006836,-0.0005786073161289098,0.0365632101893425
512,10,10000,2020-01-05T14_38_12,0.1049,0.9359,,,,0.2551650106906891,0.25543850660324097,1.0,,RandGauss,5220000.0,,,,,0.9927837252616882,,,13.43455982208252,,0.006409611989511177,,CIFAR-10 Softmax,2,0.045806057751178735,3.67861557006836,0.003154331119731069,0.05457230284810066
512,10,10000,2020-01-05T14_38_12,0.1,0.9359,,,,0.2015371173620224,0.192848339676857,1.0,,RandGauss,5220000.0,,,,,0.9986237287521362,,,13.513587951660154,,0.0061493570101447395,,CIFAR-10 Softmax,3,0.045806057751178735,3.67861557006836,-0.003492640797048807,0.014337094500660896
512,10,10000,2020-01-05T14_38_12,0.1,0.9359,,,,0.2563658356666565,0.25629869103431696,1.0,,RandGauss,5220000.0,,,,,0.998088002204895,,,13.506339073181152,,0.0063088089809753,,CIFAR-10 Softmax,4,0.045806057751178735,3.67861557006836,-5.4431271564681076e-05,0.014950345270335674
512,10,10000,2020-01-05T14_38_12,0.1,0.9359,,,,0.3166663646697998,0.3168540298938751,1.0,,RandGauss,5220000.0,,,,,0.9956536889076232,,,13.473397254943848,,0.006501252995803952,,CIFAR-10 Softmax,5,0.045806057751178735,3.67861557006836,0.0006604669033549727,0.02641928195953369
512,10,10000,2020-01-05T14_38_12,0.1,0.9359,,,,0.15401574969291687,0.15407800674438474,1.0,,RandGauss,5220000.0,,,,,0.99919193983078,,,13.52127742767334,,0.006357010017381981,,CIFAR-10 Softmax,6,0.045806057751178735,3.67861557006836,7.196968363132328e-05,0.011613909155130386
512,10,10000,2020-01-05T14_38_12,0.1,0.9359,,,,0.179649218916893,0.18003256618976593,1.0,,RandGauss,5220000.0,,,,,0.9986414909362792,,,13.51382827758789,,0.006066675006877631,,CIFAR-10 Softmax,7,0.045806057751178735,3.67861557006836,0.0013837460428476336,0.015585376881062984
512,10,10000,2020-01-05T14_38_12,0.1,0.9359,,,,0.15289296209812164,0.15257787704467773,1.0,,RandGauss,5220000.0,,,,,0.9990524649620056,,,13.519390106201172,,0.006219770992174746,,CIFAR-10 Softmax,8,0.045806057751178735,3.67861557006836,0.002461568219587207,0.013223975896835329
512,10,10000,2020-01-05T14_38_12,0.1,0.9359,,,,0.11492378264665605,0.11452460289001465,1.0,,RandGauss,5220000.0,,,,,0.9982022047042848,,,13.50788402557373,,0.006210785009898245,,CIFAR-10 Softmax,9,0.045806057751178735,3.67861557006836,0.007869276218116283,0.031656816601753235
512,10,10000,2020-01-05T14_38_12,0.1,0.9359,,,,0.29971083998680115,0.2993761301040649,2.0,,RandGauss,10440000.0,,,,,0.9914427399635316,,,13.41641330718994,,0.011900203011464328,,CIFAR-10 Softmax,0,0.045806057751178735,3.67861557006836,-0.0011051769834011793,0.05487886816263199
512,10,10000,2020-01-05T14_38_12,0.1,0.9359,,,,0.2793499827384949,0.2795339524745941,2.0,,RandGauss,10440000.0,,,,,0.996415913105011,,,13.48371124267578,,0.011090962012531236,,CIFAR-10 Softmax,1,0.045806057751178735,3.67861557006836,0.0005452361074276268,0.02489688992500305
512,10,10000,2020-01-05T14_38_12,0.1,0.9359,,,,0.3950047492980957,0.3947591185569763,2.0,,RandGauss,10440000.0,,,,,0.9915026426315308,,,13.417223930358887,,0.010398284008260816,,CIFAR-10 Softmax,2,0.045806057751178735,3.67861557006836,-0.0005769720301032066,0.04088294506072998
512,10,10000,2020-01-05T14_38_12,0.1,0.9359,,,,0.2443003207445145,0.2443698346614837,2.0,,RandGauss,10440000.0,,,,,0.9961063861846924,,,13.479522705078125,,0.011232026998186484,,CIFAR-10 Softmax,3,0.045806057751178735,3.67861557006836,0.0029152370989322662,0.0308686587959528
512,10,10000,2020-01-05T14_38_12,0.1,0.9359,,,,0.42554619908332825,0.4230461120605469,2.0,,RandGauss,10440000.0,,,,,0.9834672808647156,,,13.30848789215088,,0.010168591979891062,,CIFAR-10 Softmax,4,0.045806057751178735,3.67861557006836,-0.0061147199012339115,0.07407088577747345
512,10,10000,2020-01-05T14_38_12,0.1,0.9359,,,,0.3691945672035217,0.3665098249912262,2.0,,RandGauss,10440000.0,,,,,0.9920373558998108,,,13.424460411071776,,0.009829119022469971,,CIFAR-10 Softmax,5,0.045806057751178735,3.67861557006836,-0.0037567589897662397,0.041198380291461945
512,10,10000,2020-01-05T14_38_12,0.1,0.9359,,,,0.3477816581726074,0.3453403115272522,2.0,,RandGauss,10440000.0,,,,,0.9946600794792176,,,13.459951400756836,,0.010811184998601677,,CIFAR-10 Softmax,6,0.045806057751178735,3.67861557006836,-0.0025845880154520273,0.02949591167271137
512,10,10000,2020-01-05T14_38_12,0.1,0.9359,,,,0.27891939878463745,0.2789323925971985,2.0,,RandGauss,10440000.0,,,,,0.9942442774772644,,,13.454324722290039,,0.010456329997396095,,CIFAR-10 Softmax,7,0.045806057751178735,3.67861557006836,0.003427631221711636,0.03959401324391365
512,10,10000,2020-01-05T14_38_12,0.1,0.9359,,,,0.2635641098022461,0.2632528245449066,2.0,,RandGauss,10440000.0,,,,,0.994928777217865,,,13.463587760925293,,0.009956914000213144,,CIFAR-10 Softmax,8,0.045806057751178735,3.67861557006836,0.0042274692095816135,0.0369868203997612
512,10,10000,2020-01-05T14_38_12,0.1,0.9359,,,,0.34474682807922363,0.3445721864700317,2.0,,RandGauss,10440000.0,,,,,0.9915909171104432,,,13.418418884277346,,0.010768225998617707,,CIFAR-10 Softmax,9,0.045806057751178735,3.67861557006836,-0.0004833296989090741,0.04656318575143814
512,10,10000,2020-01-05T14_38_13,0.1,0.9359,,,,0.4528851807117462,0.4529821872711182,4.0,,RandGauss,20880000.0,,,,,0.98580664396286,,,13.340145111083984,,0.008186527993530035,,CIFAR-10 Softmax,0,0.045806057751178735,3.67861557006836,0.0008530074264854193,0.05930512398481369
512,10,10000,2020-01-05T14_38_13,0.1,0.9359,,,,0.43071019649505615,0.4303745031356812,4.0,,RandGauss,20880000.0,,,,,0.984430491924286,,,13.32152271270752,,0.008275084983324632,,CIFAR-10 Softmax,1,0.045806057751178735,3.67861557006836,-0.0012645558454096315,0.0686749666929245
512,10,10000,2020-01-05T14_38_13,0.1,0.9359,,,,0.4052551090717316,0.4053230583667755,4.0,,RandGauss,20880000.0,,,,,0.9876816272735596,,,13.365517616271973,,0.00748274999205023,,CIFAR-10 Softmax,2,0.045806057751178735,3.67861557006836,0.002999585587531328,0.05763717740774155
512,10,10000,2020-01-05T14_38_13,0.1,0.9359,,,,0.4387081861495972,0.4377051889896393,4.0,,RandGauss,20880000.0,,,,,0.9823966026306152,,,13.293999671936035,,0.007041744014713912,,CIFAR-10 Softmax,3,0.045806057751178735,3.67861557006836,0.007679442875087261,0.07604397088289261
512,10,10000,2020-01-05T14_38_13,0.1,0.9359,,,,0.4370830953121185,0.4371908307075501,4.0,,RandGauss,20880000.0,,,,,0.9840376377105712,,,13.316205978393555,,0.006795080000301823,,CIFAR-10 Softmax,4,0.045806057751178735,3.67861557006836,0.0010898426407948136,0.06928637623786926
512,10,10000,2020-01-05T14_38_13,0.1,0.9359,,,,0.3724576532840729,0.3726219832897186,4.0,,RandGauss,20880000.0,,,,,0.9885310530662536,,,13.377012252807615,,0.006415718991775066,,CIFAR-10 Softmax,5,0.045806057751178735,3.67861557006836,0.0024805553257465363,0.058573931455612176
512,10,10000,2020-01-05T14_38_13,0.1016,0.9359,,,,0.4813815653324127,0.4808379113674164,4.0,,RandGauss,20880000.0,,,,,0.9817335605621338,,,13.285026550292967,,0.006714863993693143,,CIFAR-10 Softmax,6,0.045806057751178735,3.67861557006836,-0.0019265356240794067,0.07189694792032242
512,10,10000,2020-01-05T14_38_13,0.1,0.9359,,,,0.5062190294265747,0.5061911344528198,4.0,,RandGauss,20880000.0,,,,,0.9888892173767092,,,13.381858825683596,,0.006358651997288689,,CIFAR-10 Softmax,7,0.045806057751178735,3.67861557006836,3.837328404188156e-05,0.041392482817173004
512,10,10000,2020-01-05T14_38_13,0.1,0.9359,,,,0.4337966144084929,0.4328465759754181,4.0,,RandGauss,20880000.0,,,,,0.986367166042328,,,13.347729682922365,,0.006841247988631949,,CIFAR-10 Softmax,8,0.045806057751178735,3.67861557006836,-0.0025282448623329397,0.05965060740709305
512,10,10000,2020-01-05T14_38_13,0.1,0.9359,,,,0.4924627244472504,0.4923483431339264,4.0,,RandGauss,20880000.0,,,,,0.9768284559249878,,,13.218649864196776,,0.006695483985822648,,CIFAR-10 Softmax,9,0.045806057751178735,3.67861557006836,-0.0004927162663079798,0.08933805674314499
512,10,10000,2020-01-05T14_38_14,0.1,0.9359,,,,0.5697201490402222,0.5696595311164856,8.0,,RandGauss,41760000.0,,,,,0.9676714539527892,,,13.094735145568848,,0.009664877987233922,,CIFAR-10 Softmax,0,0.045806057751178735,3.67861557006836,-0.00013791727542411536,0.1076384261250496
512,10,10000,2020-01-05T14_38_14,0.1001,0.9359,,,,0.6717905402183533,0.6713390946388245,8.0,,RandGauss,41760000.0,,,,,0.9644443988800048,,,13.051066398620605,,0.009569324000040073,,CIFAR-10 Softmax,1,0.045806057751178735,3.67861557006836,-0.0020575185772031546,0.09982811659574507
512,10,10000,2020-01-05T14_38_14,0.1,0.9359,,,,0.6064063906669617,0.606465220451355,8.0,,RandGauss,41760000.0,,,,,0.9609287977218628,,,13.00349235534668,,0.009666514000855386,,CIFAR-10 Softmax,2,0.045806057751178735,3.67861557006836,0.0014689817326143384,0.12230078876018526
512,10,10000,2020-01-05T14_38_14,0.1526,0.9359,,,,0.5176799297332764,0.5170433521270752,8.0,,RandGauss,41760000.0,,,,,0.9662564396858216,,,13.075587272644045,,0.009943288983777164,,CIFAR-10 Softmax,3,0.045806057751178735,3.67861557006836,0.009680995717644691,0.12428818643093108
512,10,10000,2020-01-05T14_38_14,0.1,0.9359,,,,0.5696408748626709,0.5687717795372009,8.0,,RandGauss,41760000.0,,,,,0.9669172167778016,,,13.084528923034668,,0.010136914992472157,,CIFAR-10 Softmax,4,0.045806057751178735,3.67861557006836,-0.003998640459030868,0.11031635105609894
512,10,10000,2020-01-05T14_38_14,0.1004,0.9359,,,,0.5885113477706909,0.5884003043174744,8.0,,RandGauss,41760000.0,,,,,0.9700567722320556,,,13.12701416015625,,0.009456915984628722,,CIFAR-10 Softmax,5,0.045806057751178735,3.67861557006836,0.004522817209362986,0.09611031413078308
512,10,10000,2020-01-05T14_38_14,0.1006,0.9359,,,,0.6007328629493713,0.60045325756073,8.0,,RandGauss,41760000.0,,,,,0.9661449790000916,,,13.074078559875488,,0.00950559100601822,,CIFAR-10 Softmax,6,0.045806057751178735,3.67861557006836,-0.001492846990004182,0.1067402809858322
512,10,10000,2020-01-05T14_38_14,0.1399,0.9359,,,,0.5431992411613464,0.5432140827178955,8.0,,RandGauss,41760000.0,,,,,0.9661692380905152,,,13.074407577514648,,0.016764959000283852,,CIFAR-10 Softmax,7,0.045806057751178735,3.67861557006836,0.004820893052965404,0.1184862032532692
512,10,10000,2020-01-05T14_38_14,0.1,0.9359,,,,0.5164797902107239,0.5165050625801086,8.0,,RandGauss,41760000.0,,,,,0.9649454355239868,,,13.057846069335938,,0.018207388988230367,,CIFAR-10 Softmax,8,0.045806057751178735,3.67861557006836,0.000779858382884413,0.12980525195598602
512,10,10000,2020-01-05T14_38_14,0.1001,0.9359,,,,0.5525029897689819,0.5525755286216736,8.0,,RandGauss,41760000.0,,,,,0.9663078188896179,,,13.076282501220705,,0.01623716900940053,,CIFAR-10 Softmax,9,0.045806057751178735,3.67861557006836,0.0015164221404120324,0.11595302820205687
512,10,10000,2020-01-05T14_38_15,0.1,0.9359,,,,0.16999472677707672,0.16815252602100372,1.0,,OrthoGauss,5220000.0,,,,,0.9985268115997314,,,13.512276649475098,,0.008963819011114538,,CIFAR-10 Softmax,0,0.045806057751178735,3.67861557006836,-0.0016385435592383144,0.017997927963733673
512,10,10000,2020-01-05T14_38_15,0.1,0.9359,,,,0.2760375440120697,0.2757458984851837,1.0,,OrthoGauss,5220000.0,,,,,0.9953839778900146,,,13.469747543334961,,0.0077586679835803815,,CIFAR-10 Softmax,1,0.045806057751178735,3.67861557006836,-0.000584550085477531,0.03233183175325394
512,10,10000,2020-01-05T14_38_15,0.1,0.9359,,,,0.3182765543460846,0.3184810876846313,1.0,,OrthoGauss,5220000.0,,,,,0.99182790517807,,,13.421626091003418,,0.006838111003162339,,CIFAR-10 Softmax,2,0.045806057751178735,3.67861557006836,0.002384900813922286,0.0490589439868927
512,10,10000,2020-01-05T14_38_15,0.1,0.9359,,,,0.2657337486743927,0.26572784781455994,1.0,,OrthoGauss,5220000.0,,,,,0.9964151978492736,,,13.483701705932615,,0.012099346989998594,,CIFAR-10 Softmax,3,0.045806057751178735,3.67861557006836,3.1495077564613894e-05,0.026236092671751976
512,10,10000,2020-01-05T14_38_15,0.1,0.9359,,,,0.22963501513004306,0.22989121079444885,1.0,,OrthoGauss,5220000.0,,,,,0.9964855313301086,,,13.48465347290039,,0.013971078005852178,,CIFAR-10 Softmax,4,0.045806057751178735,3.67861557006836,0.002317563397809863,0.02979399263858795
512,10,10000,2020-01-05T14_38_15,0.1,0.9359,,,,0.1978418081998825,0.19811652600765228,1.0,,OrthoGauss,5220000.0,,,,,0.99677711725235,,,13.48859977722168,,0.01351444999454543,,CIFAR-10 Softmax,5,0.045806057751178735,3.67861557006836,0.0009896155679598446,0.032046690583229065
512,10,10000,2020-01-05T14_38_15,0.1,0.9359,,,,0.2544103264808655,0.2545773088932037,1.0,,OrthoGauss,5220000.0,,,,,0.9956180453300476,,,13.472914695739744,,0.013851491996319965,,CIFAR-10 Softmax,6,0.045806057751178735,3.67861557006836,0.0006170751876197755,0.03336479887366295
512,10,10000,2020-01-05T14_38_15,0.1,0.9359,,,,0.2207818627357483,0.22093825042247767,1.0,,OrthoGauss,5220000.0,,,,,0.994592308998108,,,13.459033966064453,,0.01079104098607786,,CIFAR-10 Softmax,7,0.045806057751178735,3.67861557006836,0.0007772152894176543,0.047699149698019035
512,10,10000,2020-01-05T14_38_15,0.1,0.9359,,,,0.19825893640518188,0.19787128269672394,1.0,,OrthoGauss,5220000.0,,,,,0.9985370635986328,,,13.512415885925293,,0.009658736002165824,,CIFAR-10 Softmax,8,0.045806057751178735,3.67861557006836,-0.00037912384141236544,0.015192908234894276
512,10,10000,2020-01-05T14_38_15,0.1,0.9359,,,,0.2457394599914551,0.2457026094198227,1.0,,OrthoGauss,5220000.0,,,,,0.996354639530182,,,13.482882499694824,,0.0087592680065427,,CIFAR-10 Softmax,9,0.045806057751178735,3.67861557006836,-4.062445077579469e-05,0.028909211978316307
512,10,10000,2020-01-05T14_38_15,0.1,0.9359,,,,0.30660295486450195,0.3066870868206024,2.0,,OrthoGauss,10440000.0,,,,,0.9923510551452636,,,13.428705215454102,,0.009128684003371744,,CIFAR-10 Softmax,0,0.045806057751178735,3.67861557006836,0.00047191418707370763,0.04781010374426842
512,10,10000,2020-01-05T14_38_15,0.1,0.9359,,,,0.35184967517852783,0.35185250639915466,2.0,,OrthoGauss,10440000.0,,,,,0.9953351616859436,,,13.469086647033693,,0.009755667007993908,,CIFAR-10 Softmax,1,0.045806057751178735,3.67861557006836,6.398184632416815e-05,0.02544388733804226
512,10,10000,2020-01-05T14_38_15,0.1,0.9359,,,,0.3574158549308777,0.3575967252254486,2.0,,OrthoGauss,10440000.0,,,,,0.9900638461112976,,,13.397753715515135,,0.00920564599800855,,CIFAR-10 Softmax,2,0.045806057751178735,3.67861557006836,0.0022008812520653014,0.05292072147130966
512,10,10000,2020-01-05T14_38_15,0.1,0.9359,,,,0.3195937275886536,0.3198093473911285,2.0,,OrthoGauss,10440000.0,,,,,0.9934806823730468,,,13.443991661071776,,0.009835920005571095,,CIFAR-10 Softmax,3,0.045806057751178735,3.67861557006836,0.00138427154161036,0.039005253463983536
512,10,10000,2020-01-05T14_38_15,0.1,0.9359,,,,0.3987538814544678,0.3988251090049744,2.0,,OrthoGauss,10440000.0,,,,,0.9888678789138794,,,13.381569862365724,,0.011622859019553287,,CIFAR-10 Softmax,4,0.045806057751178735,3.67861557006836,0.000515323190484196,0.05300501361489296
512,10,10000,2020-01-05T14_38_15,0.1,0.9359,,,,0.410457044839859,0.4106133580207825,2.0,,OrthoGauss,10440000.0,,,,,0.9885087013244628,,,13.376709938049315,,0.011376782989827916,,CIFAR-10 Softmax,5,0.045806057751178735,3.67861557006836,0.0015202148351818323,0.05307554453611374
512,10,10000,2020-01-05T14_38_15,0.1,0.9359,,,,0.3587430119514465,0.3588303327560425,2.0,,OrthoGauss,10440000.0,,,,,0.9861164093017578,,,13.34433650970459,,0.012238255003467202,,CIFAR-10 Softmax,6,0.045806057751178735,3.67861557006836,0.0008145756437443197,0.0740257054567337
512,10,10000,2020-01-05T14_38_15,0.1,0.9359,,,,0.29091817140579224,0.29097023606300354,2.0,,OrthoGauss,10440000.0,,,,,0.9936808943748474,,,13.446701049804688,,0.012229838990606371,,CIFAR-10 Softmax,7,0.045806057751178735,3.67861557006836,0.000270864024059847,0.04173368588089943
512,10,10000,2020-01-05T14_38_15,0.1,0.9359,,,,0.34980496764183044,0.3483757078647613,2.0,,OrthoGauss,10440000.0,,,,,0.988772749900818,,,13.380282402038574,,0.009732906008139251,,CIFAR-10 Softmax,8,0.045806057751178735,3.67861557006836,-0.0037397416308522224,0.061455223709344864
512,10,10000,2020-01-05T14_38_15,0.1,0.9359,,,,0.3659923076629639,0.3637122213840485,2.0,,OrthoGauss,10440000.0,,,,,0.9921524524688721,,,13.426017761230467,,0.010007912991568446,,CIFAR-10 Softmax,9,0.045806057751178735,3.67861557006836,-0.003368197940289973,0.04095873609185219
512,10,10000,2020-01-05T14_38_16,0.1,0.9359,,,,0.3858614861965179,0.3857430517673493,4.0,,OrthoGauss,20880000.0,,,,,0.9855995178222656,,,13.337342262268065,,0.007889569009421393,,CIFAR-10 Softmax,0,0.045806057751178735,3.67861557006836,-0.0004601530963554977,0.07118167728185654
512,10,10000,2020-01-05T14_38_16,0.1,0.9359,,,,0.469551146030426,0.4696522057056427,4.0,,OrthoGauss,20880000.0,,,,,0.9748021364212036,,,13.191229820251465,,0.008400142978643999,,CIFAR-10 Softmax,1,0.045806057751178735,3.67861557006836,0.001606440986506641,0.1022985577583313
512,10,10000,2020-01-05T14_38_16,0.1,0.9359,,,,0.4090421795845032,0.4074411690235138,4.0,,OrthoGauss,20880000.0,,,,,0.9850457310676576,,,13.329848289489744,,0.007771643984597176,,CIFAR-10 Softmax,2,0.045806057751178735,3.67861557006836,-0.004348625428974629,0.06969332695007324
512,10,10000,2020-01-05T14_38_16,0.1,0.9359,,,,0.4669274687767029,0.4660198986530304,4.0,,OrthoGauss,20880000.0,,,,,0.9846999645233154,,,13.32516860961914,,0.007397372013656422,,CIFAR-10 Softmax,3,0.045806057751178735,3.67861557006836,-0.0024840403348207482,0.0620701014995575
512,10,10000,2020-01-05T14_38_16,0.1,0.9359,,,,0.5294915437698364,0.5295500159263611,4.0,,OrthoGauss,20880000.0,,,,,0.9804600477218628,,,13.267793655395508,,0.007646051002666355,,CIFAR-10 Softmax,4,0.045806057751178735,3.67861557006836,0.0025623955298215146,0.06959983706474304
512,10,10000,2020-01-05T14_38_16,0.1226,0.9359,,,,0.41880038380622864,0.4183078408241272,4.0,,OrthoGauss,20880000.0,,,,,0.9838163256645204,,,13.313211441040039,,0.007540338003309444,,CIFAR-10 Softmax,5,0.045806057751178735,3.67861557006836,-0.001896655885502696,0.07357169687747955
512,10,10000,2020-01-05T14_38_16,0.1,0.9359,,,,0.4114092290401459,0.41076624393463135,4.0,,OrthoGauss,20880000.0,,,,,0.9851391911506652,,,13.3311128616333,,0.007641725009307265,,CIFAR-10 Softmax,6,0.045806057751178735,3.67861557006836,-0.002206688513979316,0.06876230984926224
512,10,10000,2020-01-05T14_38_16,0.1,0.9359,,,,0.4522869884967804,0.4524224400520325,4.0,,OrthoGauss,20880000.0,,,,,0.9796236753463744,,,13.256475448608398,,0.007616990013048053,,CIFAR-10 Softmax,7,0.045806057751178735,3.67861557006836,0.002201556693762541,0.08563973754644394
512,10,10000,2020-01-05T14_38_16,0.1,0.9359,,,,0.42607244849205017,0.4262093305587769,4.0,,OrthoGauss,20880000.0,,,,,0.9846014976501464,,,13.32383632659912,,0.007497330982005224,,CIFAR-10 Softmax,8,0.045806057751178735,3.67861557006836,0.0014900848036631946,0.06860103458166122
512,10,10000,2020-01-05T14_38_16,0.1,0.9359,,,,0.4385286271572113,0.4386610686779022,4.0,,OrthoGauss,20880000.0,,,,,0.987263560295105,,,13.35986042022705,,0.007455954008037222,,CIFAR-10 Softmax,9,0.045806057751178735,3.67861557006836,0.0019356872653588653,0.05495255067944527
512,10,10000,2020-01-05T14_38_16,0.1,0.9359,,,,0.6189908385276794,0.6181920170783997,8.0,,OrthoGauss,41760000.0,,,,,0.9672603011131288,,,13.089171409606935,,0.009615866001695395,,CIFAR-10 Softmax,0,0.045806057751178735,3.67861557006836,0.007330168969929219,0.0997965931892395
512,10,10000,2020-01-05T14_38_16,0.1397,0.9359,,,,0.5120232701301575,0.5077868103981018,8.0,,OrthoGauss,41760000.0,,,,,0.9739679098129272,,,13.179940223693848,,0.009876202006125823,,CIFAR-10 Softmax,1,0.045806057751178735,3.67861557006836,-0.010311936028301716,0.09683829545974733
512,10,10000,2020-01-05T14_38_16,0.1,0.9359,,,,0.5874080061912537,0.5874758362770081,8.0,,OrthoGauss,41760000.0,,,,,0.9741994738578796,,,13.18307399749756,,0.010217283997917548,,CIFAR-10 Softmax,2,0.045806057751178735,3.67861557006836,0.0010997455101460216,0.08283732831478119
512,10,10000,2020-01-05T14_38_16,0.1,0.9359,,,,0.5625216960906982,0.5622661113739014,8.0,,OrthoGauss,41760000.0,,,,,0.964314877986908,,,13.04931354522705,,0.012098927982151508,,CIFAR-10 Softmax,3,0.045806057751178735,3.67861557006836,-0.0015839949483051894,0.1207468956708908
512,10,10000,2020-01-05T14_38_16,0.1,0.9359,,,,0.5226683616638184,0.5222583413124084,8.0,,OrthoGauss,41760000.0,,,,,0.9704578518867492,,,13.132441520690918,,0.009730077988933772,,CIFAR-10 Softmax,4,0.045806057751178735,3.67861557006836,0.007345932535827159,0.10734198987483977
512,10,10000,2020-01-05T14_38_16,0.1004,0.9359,,,,0.6004718542098999,0.600452721118927,8.0,,OrthoGauss,41760000.0,,,,,0.9655866622924804,,,13.066523551940918,,0.009062680008355528,,CIFAR-10 Softmax,5,0.045806057751178735,3.67861557006836,0.0002544309536460787,0.10854823887348176
512,10,10000,2020-01-05T14_38_16,0.1,0.9359,,,,0.5710796117782593,0.5708699822425842,8.0,,OrthoGauss,41760000.0,,,,,0.968676507472992,,,13.108336448669435,,0.008784287987509742,,CIFAR-10 Softmax,6,0.045806057751178735,3.67861557006836,0.00564085878431797,0.1038353219628334
512,10,10000,2020-01-05T14_38_16,0.1,0.9359,,,,0.6062918305397034,0.6052157878875732,8.0,,OrthoGauss,41760000.0,,,,,0.9628232717514038,,,13.029129028320312,,0.012175554991699757,,CIFAR-10 Softmax,7,0.045806057751178735,3.67861557006836,0.009578308090567587,0.1160990744829178
512,10,10000,2020-01-05T14_38_16,0.1,0.9359,,,,0.5191846489906311,0.5192934274673462,8.0,,OrthoGauss,41760000.0,,,,,0.9658107757568359,,,13.06955623626709,,0.010604643000988291,,CIFAR-10 Softmax,8,0.045806057751178735,3.67861557006836,0.002962144557386637,0.12574127316474915
512,10,10000,2020-01-05T14_38_16,0.1023,0.9359,,,,0.5530987977981567,0.5526757836341858,8.0,,OrthoGauss,41760000.0,,,,,0.9669774174690248,,,13.08534336090088,,0.012427951995050536,,CIFAR-10 Softmax,9,0.045806057751178735,3.67861557006836,0.0074764275923371315,0.11333240568637848
512,10,10000,2020-01-05T14_38_17,0.1,0.9359,,,,0.1602352410554886,0.15996599197387695,1.0,,Rademacher,5220000.0,,,,,0.998574435710907,,,13.512921333312988,,0.008264064003014937,,CIFAR-10 Softmax,0,0.045806057751178735,3.67861557006836,-0.00034040427999570966,0.01845836453139782
512,10,10000,2020-01-05T14_38_17,0.1,0.9359,,,,0.2045515924692154,0.2031673938035965,1.0,,Rademacher,5220000.0,,,,,0.9970123171806335,,,13.491782188415527,,0.007834346994059159,,CIFAR-10 Softmax,1,0.045806057751178735,3.67861557006836,-0.0020253262482583523,0.028939967975020405
512,10,10000,2020-01-05T14_38_17,0.1,0.9359,,,,0.30070388317108154,0.300667405128479,1.0,,Rademacher,5220000.0,,,,,0.9949886798858644,,,13.464398384094238,,0.007345947000430897,,CIFAR-10 Softmax,2,0.045806057751178735,3.67861557006836,-3.3341966627631336e-05,0.03206697478890419
512,10,10000,2020-01-05T14_38_17,0.1,0.9359,,,,0.13814197480678558,0.13722412288188934,1.0,,Rademacher,5220000.0,,,,,0.9970878362655641,,,13.492804527282715,,0.0069612200022675106,,CIFAR-10 Softmax,3,0.045806057751178735,3.67861557006836,0.010016722604632378,0.041748840361833565
512,10,10000,2020-01-05T14_38_17,0.1,0.9359,,,,0.17239680886268616,0.17245309054851532,1.0,,Rademacher,5220000.0,,,,,0.9991677403450012,,,13.520950317382812,,0.008182722987839952,,CIFAR-10 Softmax,4,0.045806057751178735,3.67861557006836,6.193049193825573e-05,0.010617858730256556
512,10,10000,2020-01-05T14_38_17,0.1,0.9359,,,,0.2136444002389908,0.20439349114894867,1.0,,Rademacher,5220000.0,,,,,0.9978808760643004,,,13.503536224365234,,0.007534884993219748,,CIFAR-10 Softmax,5,0.045806057751178735,3.67861557006836,-0.004980245139449835,0.0201413594186306
512,10,10000,2020-01-05T14_38_17,0.1,0.9359,,,,0.29708075523376465,0.2970415949821472,1.0,,Rademacher,5220000.0,,,,,0.9929711818695068,,,13.43709659576416,,0.007247105997521429,,CIFAR-10 Softmax,6,0.045806057751178735,3.67861557006836,-5.782493099104613e-05,0.045423459261655814
512,10,10000,2020-01-05T14_38_17,0.1,0.9359,,,,0.21923112869262693,0.218405082821846,1.0,,Rademacher,5220000.0,,,,,0.998498558998108,,,13.51189422607422,,0.007194502017227933,,CIFAR-10 Softmax,7,0.045806057751178735,3.67861557006836,-0.0006499783485196531,0.014057970605790615
512,10,10000,2020-01-05T14_38_17,0.1,0.9359,,,,0.27105164527893066,0.2709990441799164,1.0,,Rademacher,5220000.0,,,,,0.9961140155792236,,,13.479626655578613,,0.011337051982991396,,CIFAR-10 Softmax,8,0.045806057751178735,3.67861557006836,-6.863621820230037e-05,0.027812128886580467
512,10,10000,2020-01-05T14_38_17,0.1,0.9359,,,,0.21254487335681915,0.21287964284420013,1.0,,Rademacher,5220000.0,,,,,0.9978812336921692,,,13.503540992736815,,0.00784901698352769,,CIFAR-10 Softmax,9,0.045806057751178735,3.67861557006836,0.000943093211390078,0.019873784855008125
512,10,10000,2020-01-05T14_38_18,0.1,0.9359,,,,0.2404515892267227,0.23602427542209625,2.0,,Rademacher,10440000.0,,,,,0.9964507222175598,,,13.484182357788086,,0.008354060992132872,,CIFAR-10 Softmax,0,0.045806057751178735,3.67861557006836,-0.0042955009266734115,0.029044883325695988
512,10,10000,2020-01-05T14_38_18,0.1,0.9359,,,,0.3011161088943481,0.30119433999061584,2.0,,Rademacher,10440000.0,,,,,0.9897811412811279,,,13.393928527832033,,0.007443536014761777,,CIFAR-10 Softmax,1,0.045806057751178735,3.67861557006836,0.0005994538660161197,0.06526413559913635
512,10,10000,2020-01-05T14_38_18,0.1,0.9359,,,,0.33134377002716064,0.3312744200229645,2.0,,Rademacher,10440000.0,,,,,0.9929739236831664,,,13.4371337890625,,0.0073887550097424546,,CIFAR-10 Softmax,2,0.045806057751178735,3.67861557006836,-0.00013587459397967902,0.040542706847190864
512,10,10000,2020-01-05T14_38_18,0.1,0.9359,,,,0.3874553442001343,0.3875676989555359,2.0,,Rademacher,10440000.0,,,,,0.9877835512161256,,,13.366896629333494,,0.006667109002592042,,CIFAR-10 Softmax,3,0.045806057751178735,3.67861557006836,0.0008940008701756598,0.059962417930364616
512,10,10000,2020-01-05T14_38_18,0.1,0.9359,,,,0.3388875126838684,0.33842933177948,2.0,,Rademacher,10440000.0,,,,,0.9876827597618104,,,13.365532875061035,,0.006388083013007417,,CIFAR-10 Softmax,4,0.045806057751178735,3.67861557006836,-0.0017919529927894473,0.06970931589603424
512,10,10000,2020-01-05T14_38_18,0.1,0.9359,,,,0.341345489025116,0.3407614827156067,2.0,,Rademacher,10440000.0,,,,,0.9851635694503784,,,13.331442832946776,,0.007493960991268978,,CIFAR-10 Softmax,5,0.045806057751178735,3.67861557006836,-0.0026217643171548843,0.08366521447896957
512,10,10000,2020-01-05T14_38_18,0.1,0.9359,,,,0.3696838319301605,0.3698503375053406,2.0,,Rademacher,10440000.0,,,,,0.9884112477302552,,,13.375391006469727,,0.007281797996256499,,CIFAR-10 Softmax,6,0.045806057751178735,3.67861557006836,0.001482565770857036,0.05969008058309555
512,10,10000,2020-01-05T14_38_18,0.1,0.9359,,,,0.2957407832145691,0.2951098382472992,2.0,,Rademacher,10440000.0,,,,,0.9946618676185608,,,13.459975242614744,,0.006950387003598735,,CIFAR-10 Softmax,7,0.045806057751178735,3.67861557006836,-0.0012039561988785865,0.03477071598172188
512,10,10000,2020-01-05T14_38_18,0.1,0.9359,,,,0.2832852900028229,0.282477468252182,2.0,,Rademacher,10440000.0,,,,,0.9923085570335388,,,13.428130149841307,,0.007624869991559534,,CIFAR-10 Softmax,8,0.045806057751178735,3.67861557006836,-0.002228772034868598,0.05236034467816353
512,10,10000,2020-01-05T14_38_18,0.1,0.9359,,,,0.3629355728626251,0.3624710142612457,2.0,,Rademacher,10440000.0,,,,,0.9893074035644532,,,13.387517929077148,,0.008682130021043122,,CIFAR-10 Softmax,9,0.045806057751178735,3.67861557006836,-0.0014361579669639464,0.056207556277513504
512,10,10000,2020-01-05T14_38_18,0.1,0.9359,,,,0.4304903149604797,0.4305686056613922,4.0,,Rademacher,20880000.0,,,,,0.9855774641036988,,,13.337043762207033,,0.011016835022019222,,CIFAR-10 Softmax,0,0.045806057751178735,3.67861557006836,0.002966870088130236,0.06347287446260452
512,10,10000,2020-01-05T14_38_18,0.1,0.9359,,,,0.484460860490799,0.4844027459621429,4.0,,Rademacher,20880000.0,,,,,0.9792147874832152,,,13.25094223022461,,0.010417689016321674,,CIFAR-10 Softmax,1,0.045806057751178735,3.67861557006836,-0.00012962416803929955,0.08136249333620071
512,10,10000,2020-01-05T14_38_18,0.1,0.9359,,,,0.3983807861804962,0.3984790742397308,4.0,,Rademacher,20880000.0,,,,,0.987457275390625,,,13.362481117248535,,0.008915397978853434,,CIFAR-10 Softmax,2,0.045806057751178735,3.67861557006836,0.00295130256563425,0.059753697365522385
512,10,10000,2020-01-05T14_38_18,0.171,0.9359,,,,0.4680781066417694,0.4665612280368805,4.0,,Rademacher,20880000.0,,,,,0.9795120358467102,,,13.254964828491213,,0.010323716007405892,,CIFAR-10 Softmax,3,0.045806057751178735,3.67861557006836,-0.004774646833539009,0.08326274901628494
512,10,10000,2020-01-05T14_38_18,0.1,0.9359,,,,0.45482522249221796,0.4549567699432373,4.0,,Rademacher,20880000.0,,,,,0.9838433861732484,,,13.313577651977539,,0.008921215980080888,,CIFAR-10 Softmax,4,0.045806057751178735,3.67861557006836,0.0021045906469225888,0.06725949794054031
512,10,10000,2020-01-05T14_38_18,0.1,0.9359,,,,0.4082944989204407,0.4074621200561523,4.0,,Rademacher,20880000.0,,,,,0.982214331626892,,,13.291532516479492,,0.008016873005544767,,CIFAR-10 Softmax,5,0.045806057751178735,3.67861557006836,-0.0032613577786833052,0.0832291841506958
512,10,10000,2020-01-05T14_38_18,0.1002,0.9359,,,,0.3845263719558716,0.3840941190719605,4.0,,Rademacher,20880000.0,,,,,0.9885554313659668,,,13.377342224121096,,0.0180549799988512,,CIFAR-10 Softmax,6,0.045806057751178735,3.67861557006836,-0.0013415542198345065,0.056663449853658676
512,10,10000,2020-01-05T14_38_18,0.1,0.9359,,,,0.41203224658966064,0.4099721312522888,4.0,,Rademacher,20880000.0,,,,,0.9864750504493712,,,13.34918975830078,,0.01499623100971803,,CIFAR-10 Softmax,7,0.045806057751178735,3.67861557006836,-0.004604331683367491,0.0625014454126358
512,10,10000,2020-01-05T14_38_18,0.1,0.9359,,,,0.4336233139038086,0.4337479174137116,4.0,,Rademacher,20880000.0,,,,,0.9911916851997375,,,13.413016319274902,,0.016906795994145796,,CIFAR-10 Softmax,8,0.045806057751178735,3.67861557006836,0.000730728090275079,0.03846284002065658
512,10,10000,2020-01-05T14_38_18,0.1,0.9359,,,,0.4810663163661957,0.4801764190196991,4.0,,Rademacher,20880000.0,,,,,0.9826274514198304,,,13.297122955322266,,0.014104692992987113,,CIFAR-10 Softmax,9,0.045806057751178735,3.67861557006836,0.00620747497305274,0.06817878782749176
512,10,10000,2020-01-05T14_38_19,0.1739,0.9359,,,,0.5431174039840698,0.5427544713020325,8.0,,Rademacher,41760000.0,,,,,0.9676669239997864,,,13.094674110412598,,0.0093053080199752,,CIFAR-10 Softmax,0,0.045806057751178735,3.67861557006836,-0.0020825881510972977,0.11328409612178802
512,10,10000,2020-01-05T14_38_19,0.12,0.9359,,,,0.6054959297180176,0.6053919196128845,8.0,,Rademacher,41760000.0,,,,,0.9691900610923768,,,13.115285873413086,,0.007501902990043162,,CIFAR-10 Softmax,1,0.045806057751178735,3.67861557006836,-0.00039849034510552883,0.09614495187997818
512,10,10000,2020-01-05T14_38_19,0.1,0.9359,,,,0.5451305508613586,0.5452006459236145,8.0,,Rademacher,41760000.0,,,,,0.9696813821792604,,,13.121933937072756,,0.008190615015337244,,CIFAR-10 Softmax,2,0.045806057751178735,3.67861557006836,0.003515408840030432,0.10551919788122176
512,10,10000,2020-01-05T14_38_19,0.1,0.9359,,,,0.5640891194343567,0.5630972981452942,8.0,,Rademacher,41760000.0,,,,,0.9752262830734252,,,13.196969032287598,,0.008268896024674177,,CIFAR-10 Softmax,3,0.045806057751178735,3.67861557006836,0.006980311125516892,0.08279336988925934
512,10,10000,2020-01-05T14_38_19,0.1045,0.9359,,,,0.5486248135566711,0.5487135052680969,8.0,,Rademacher,41760000.0,,,,,0.978726863861084,,,13.244339942932127,,0.008902407978894189,,CIFAR-10 Softmax,4,0.045806057751178735,3.67861557006836,0.0012186090461909767,0.07313744723796843
512,10,10000,2020-01-05T14_38_19,0.1,0.9359,,,,0.5124418735504149,0.5123404860496521,8.0,,Rademacher,41760000.0,,,,,0.9763230085372924,,,13.211810111999512,,0.007984202995430678,,CIFAR-10 Softmax,5,0.045806057751178735,3.67861557006836,-0.0003956536238547415,0.0875847265124321
512,10,10000,2020-01-05T14_38_19,0.1,0.9359,,,,0.4952744245529175,0.4944146573543549,8.0,,Rademacher,41760000.0,,,,,0.9760437607765198,,,13.20803165435791,,0.011159229004988449,,CIFAR-10 Softmax,6,0.045806057751178735,3.67861557006836,-0.0034684843849390745,0.09195294976234436
512,10,10000,2020-01-05T14_38_19,0.1031,0.9359,,,,0.4121896922588349,0.4123341739177704,8.0,,Rademacher,41760000.0,,,,,0.974198579788208,,,13.183061599731445,,0.009365689009428024,,CIFAR-10 Softmax,7,0.045806057751178735,3.67861557006836,0.0027392024639993906,0.12053550779819487
512,10,10000,2020-01-05T14_38_19,0.1,0.9359,,,,0.5705801844596863,0.5704880356788635,8.0,,Rademacher,41760000.0,,,,,0.9634878039360046,,,13.038121223449707,,0.01058269600616768,,CIFAR-10 Softmax,8,0.045806057751178735,3.67861557006836,-0.0004334785044193268,0.12173932790756226
512,10,10000,2020-01-05T14_38_19,0.1,0.9359,,,,0.4621244668960571,0.4620146155357361,8.0,,Rademacher,41760000.0,,,,,0.9761411547660828,,,13.209349632263185,,0.01077288799569942,,CIFAR-10 Softmax,9,0.045806057751178735,3.67861557006836,0.005831630900502205,0.09827058017253876
512,10,10000,2020-01-05T14_38_20,0.1,0.9359,,,,0.034860800951719284,0.03582615777850151,1.0,,Hadamard,5220000.0,,,,,1.00073504447937,,,13.542159080505373,,0.014226767001673581,,CIFAR-10 Softmax,0,0.045806057751178735,3.67861557006836,0.025809848681092262,0.289459764957428
512,10,10000,2020-01-05T14_38_21,0.1,0.9359,,,,0.06258147954940796,0.06341934949159622,2.0,,Hadamard,10440000.0,,,,,0.9963716864585876,,,13.483113288879395,,0.017309602990280837,,CIFAR-10 Softmax,0,0.045806057751178735,3.67861557006836,0.025117367506027208,0.2891553342342377
512,10,10000,2020-01-05T14_38_21,0.1,0.9359,,,,0.1278187334537506,0.12838293612003324,4.0,,Hadamard,20880000.0,,,,,0.985866129398346,,,13.340950012207033,,0.015065863990457729,,CIFAR-10 Softmax,0,0.045806057751178735,3.67861557006836,0.02252558432519436,0.2990792393684387
512,10,10000,2020-01-05T14_38_22,0.1,0.9359,,,,0.19906578958034515,0.19943934679031367,8.0,,Hadamard,41760000.0,,,,,0.9739150404930116,,,13.179224967956545,,0.019113852991722524,,CIFAR-10 Softmax,0,0.045806057751178735,3.67861557006836,0.019102482125163082,0.3050348162651062
512,10,10000,2020-01-05T14_38_23,0.1817,0.9359,,,,0.25544291734695435,0.25533658266067505,1.0,,PCA,5220000.0,,,,,0.9349547624588012,,,12.652006149291992,,0.001922383991768584,,CIFAR-10 Softmax,0,0.045806057751178735,3.67861557006836,-0.006053972989320755,0.9297849535942078
512,10,10000,2020-01-05T14_38_23,0.2742,0.9359,,,,0.40283358097076416,0.40274253487586975,2.0,,PCA,10440000.0,,,,,0.8379838466644287,,,11.33977508544922,,0.0029605309828184545,,CIFAR-10 Softmax,0,0.045806057751178735,3.67861557006836,-0.006507227662950754,1.4542337656021118
512,10,10000,2020-01-05T14_38_24,0.5189,0.9359,,,,0.6004918813705444,0.60040283203125,4.0,,PCA,20880000.0,,,,,0.639706015586853,,,8.656637191772461,,0.002559248998295516,,CIFAR-10 Softmax,0,0.045806057751178735,3.67861557006836,-0.006871030665934086,2.1737990379333496
512,10,10000,2020-01-05T14_38_25,0.9276,0.9359,,,,0.9048921465873718,0.9047943353652954,8.0,,PCA,41760000.0,,,,,0.1817038208246231,,,2.4588546752929688,,0.0027763459947891533,,CIFAR-10 Softmax,0,0.045806057751178735,3.67861557006836,-0.0066769658587872965,3.261935949325561
512,10,10000,2020-01-05T14_38_34,0.1818,0.9359,6.103515625e-05,,False,0.255072306862876,0.25496547917018897,1.0,,SparsePCA,4810000.0,,,,471.0,0.9351439321516072,,,12.654566181081426,,0.033777110977098346,0.080078125,CIFAR-10 Softmax,0,0.045806057751178735,3.67861557006836,-0.006080444228025593,0.9286369588930876
512,10,10000,2020-01-05T14_38_43,0.1818,0.9359,0.03125,,False,0.25498075016389443,0.2548733731083165,1.0,,SparsePCA,4790000.0,,,,469.0,0.9351906726816775,,,12.65519868385536,,0.03252737599541433,0.083984375,CIFAR-10 Softmax,0,0.045806057751178735,3.67861557006836,-0.0061160148279722605,0.9284631355818008
512,10,10000,2020-01-05T14_38_52,0.1818,0.9359,0.0625,,False,0.2548775892051087,0.2547696398874256,1.0,,SparsePCA,4770000.0,,,,467.0,0.9352433636072602,,,12.65591170864438,,0.03408140401006676,0.087890625,CIFAR-10 Softmax,0,0.045806057751178735,3.67861557006836,-0.0061526566142478395,0.9282181870032384
512,10,10000,2020-01-05T14_39_01,0.1817,0.9359,0.125,,False,0.25466417262718033,0.25455496012389234,1.0,,SparsePCA,4720000.0,,,,462.0,0.9353525263945172,,,12.657388922652151,,0.034045948006678366,0.09765625,CIFAR-10 Softmax,0,0.045806057751178735,3.67861557006836,-0.006232601972581484,0.9275757773413468
512,10,10000,2020-01-05T14_39_10,0.1817,0.9359,0.25,,False,0.2542725361963236,0.2541605715955687,1.0,,SparsePCA,4560000.0,,,,446.0,0.9355533291998284,,,12.660106228835495,,0.034164672979386516,0.12890625,CIFAR-10 Softmax,0,0.045806057751178735,3.67861557006836,-0.006404378425243235,0.9260176321420122
512,10,10000,2020-01-05T14_39_20,0.1816,0.9359,0.5,,False,0.25364590289024275,0.25353011177526924,1.0,,SparsePCA,4320000.0,,,,422.0,0.935876430661505,,,12.66447850639558,,0.05161770997801796,0.17578125,CIFAR-10 Softmax,0,0.045806057751178735,3.67861557006836,-0.00662622779871453,0.9216844688741522
512,10,10000,2020-01-05T14_39_29,0.1817,0.9359,1.0,,False,0.2514921524224915,0.2513628021594091,1.0,,SparsePCA,3800000.0,,,,370.0,0.9369884314260056,,,12.679526336771175,,0.029415048978989944,0.27734375,CIFAR-10 Softmax,0,0.045806057751178735,3.67861557006836,-0.007380005110836014,0.9057650418299424
512,10,10000,2020-01-05T14_39_47,0.3551,0.9359,6.103515625e-05,,False,0.40418742565412397,0.4040984913882513,2.0,,SparsePCA,9610000.0,,,,941.0,0.8368376185903272,,,11.324264279729116,,0.044462202000431716,0.0810546875,CIFAR-10 Softmax,0,0.045806057751178735,3.67861557006836,-0.006386146096073552,1.4796531200844345
512,10,10000,2020-01-05T14_39_58,0.3546,0.9359,0.03125,,False,0.4059545104630099,0.4058670091650512,2.0,,SparsePCA,9540000.0,,,,934.0,0.8354115188763435,,,11.304965995699284,,0.029423909989418462,0.087890625,CIFAR-10 Softmax,0,0.045806057751178735,3.67861557006836,-0.00622794910957126,1.4814102097292163
512,10,10000,2020-01-05T14_40_08,0.3548,0.9359,0.0625,,False,0.4068922622403877,0.4068058584839842,2.0,,SparsePCA,9470000.0,,,,927.0,0.834650657155922,,,11.294669853400025,,0.02971007299493067,0.0947265625,CIFAR-10 Softmax,0,0.045806057751178735,3.67861557006836,-0.006113676089510003,1.4836390425968788
512,10,10000,2020-01-05T14_40_19,0.354,0.9359,0.125,,False,0.4075084219166629,0.4074239698622725,2.0,,SparsePCA,9320000.0,,,,912.0,0.8341452634753449,,,11.287830758840911,,0.028254256991203874,0.109375,CIFAR-10 Softmax,0,0.045806057751178735,3.67861557006836,-0.005916195798240967,1.487022603010589
512,10,10000,2020-01-05T14_40_30,0.3577,0.9359,0.25,,False,0.4079285658373081,0.40784718211871257,2.0,,SparsePCA,9090000.0,,,,889.0,0.8337972027495274,,,11.283120727220693,,0.031224007019773126,0.1318359375,CIFAR-10 Softmax,0,0.045806057751178735,3.67861557006836,-0.005599916369404104,1.4904243574200031
512,10,10000,2020-01-05T14_40_41,0.3539,0.9359,0.5,,False,0.4093336172705132,0.4092530305110748,2.0,,SparsePCA,8620000.0,,,,842.0,0.8326651212671223,,,11.267801160308132,,0.03033559600589797,0.177734375,CIFAR-10 Softmax,0,0.045806057751178735,3.67861557006836,-0.005491396524791734,1.4874957616469815
512,10,10000,2020-01-05T14_40_51,0.3446,0.9359,1.0,,False,0.4166377253676144,0.4165477390172659,2.0,,SparsePCA,7620000.0,,,,742.0,0.8267907910914685,,,11.18830847750122,,0.0244334599992726,0.275390625,CIFAR-10 Softmax,0,0.045806057751178735,3.67861557006836,-0.00640065698436807,1.4837913707645958
512,10,10000,2020-01-05T14_40_58,0.1816,0.9359,2.0,,False,0.2489287228803292,0.24876717233539986,2.0,,SparsePCA,3050000.0,,,,285.0,0.9384326639510808,,,12.699069997849515,,0.025674012984381992,0.7216796875,CIFAR-10 Softmax,0,0.045806057751178735,3.67861557006836,-0.00897180935268285,0.8668430407329418
512,10,10000,2020-01-05T14_41_04,0.1808,0.9359,4.0,,False,0.2534296338760837,0.2532411478512576,2.0,,SparsePCA,2130000.0,,,,193.0,0.9387947458116536,,,12.703969766441336,,0.02538636198733002,0.8115234375,CIFAR-10 Softmax,0,0.045806057751178735,3.67861557006836,-0.008905209544261303,0.7376098565414765
512,10,10000,2020-01-05T14_41_11,0.1802,0.9359,8.0,,False,0.2270038496281692,0.2273273827020205,2.0,,SparsePCA,310000.0,,,,11.0,0.9844206119400828,,,13.321388671318285,,0.030552190000889826,0.9892578125,CIFAR-10 Softmax,0,0.045806057751178735,3.67861557006836,0.007693873792132417,0.13860474799415254
512,10,10000,2020-01-05T14_41_26,0.611,0.9359,6.103515625e-05,,False,0.5986411427171793,0.5985506679466327,4.0,,SparsePCA,19240000.0,,,,1884.0,0.6418893454008437,,,8.686182867718294,,0.032514411985175684,0.080078125,CIFAR-10 Softmax,0,0.045806057751178735,3.67861557006836,-0.007113936152514542,2.175237199877172
512,10,10000,2020-01-05T14_41_40,0.6129,0.9359,0.03125,,False,0.5999428720912113,0.5998527814093171,4.0,,SparsePCA,19110000.0,,,,1871.0,0.6403485068689502,,,8.665331913650354,,0.031787645013537265,0.08642578125,CIFAR-10 Softmax,0,0.045806057751178735,3.67861557006836,-0.00704013164941701,2.1754052590066264
512,10,10000,2020-01-05T14_41_54,0.6143,0.9359,0.0625,,False,0.6006503603310563,0.6005603758346376,4.0,,SparsePCA,18940000.0,,,,1854.0,0.6395076132843479,,,8.653952763177642,,0.0342228060180787,0.0947265625,CIFAR-10 Softmax,0,0.045806057751178735,3.67861557006836,-0.007017758304035449,2.176197118776904
512,10,10000,2020-01-05T14_42_09,0.6168,0.9359,0.125,,False,0.6012446086081971,0.6011544890924954,4.0,,SparsePCA,18710000.0,,,,1831.0,0.6387975103140148,,,8.644343499058492,,0.03151928499573842,0.10595703125,CIFAR-10 Softmax,0,0.045806057751178735,3.67861557006836,-0.007035204233125236,2.177584613547452
512,10,10000,2020-01-05T14_42_23,0.6241,0.9359,0.25,,False,0.6016539152938458,0.6015624827021807,4.0,,SparsePCA,18260000.0,,,,1786.0,0.6383114080482909,,,8.637765460019923,,0.030512561992509287,0.1279296875,CIFAR-10 Softmax,0,0.045806057751178735,3.67861557006836,-0.0072302824195524095,2.178166825379229
512,10,10000,2020-01-05T14_42_36,0.6327,0.9359,0.5,,False,0.6044520790816084,0.6043572661558266,4.0,,SparsePCA,17190000.0,,,,1679.0,0.6349870819381511,,,8.592779973484744,,0.0240286449843552,0.18017578125,CIFAR-10 Softmax,0,0.045806057751178735,3.67861557006836,-0.0077101224250742065,2.1803719222785958
512,10,10000,2020-01-05T14_42_47,0.636,0.9359,1.0,,False,0.6165561253276253,0.6164522250238879,4.0,,SparsePCA,15200000.0,,,,1480.0,0.6206586725263027,,,8.398884896012893,,0.02539565198821947,0.27734375,CIFAR-10 Softmax,0,0.045806057751178735,3.67861557006836,-0.008895816434975381,2.1795567584399937
512,10,10000,2020-01-05T14_42_56,0.47100000000000003,0.9359,2.0,,False,0.5105525401088039,0.5104270761095964,4.0,,SparsePCA,8720000.0,,,,832.0,0.741856241110902,,,10.038956119178696,,0.026347643986810002,0.59375,CIFAR-10 Softmax,0,0.045806057751178735,3.67861557006836,-0.010417725691965396,1.7022226333076145
512,10,10000,2020-01-05T14_43_06,0.5379,0.9359,4.0,,False,0.5052401620476091,0.5050927870670789,4.0,,SparsePCA,4550000.0,,,,415.0,0.772283202836294,,,10.450700223594039,,0.027097718004370108,0.79736328125,CIFAR-10 Softmax,0,0.045806057751178735,3.67861557006836,-0.009416891096600872,1.250493480885164
512,10,10000,2020-01-05T14_43_16,0.3418,0.9359,8.0,,False,0.4079896632784615,0.4081477124075269,4.0,,SparsePCA,740000.0,,,,34.0,0.9442761270188608,,,12.778144980400903,,0.02848083400749601,0.9833984375,CIFAR-10 Softmax,0,0.045806057751178735,3.67861557006836,0.008726468028763744,0.2772887165647169
512,10,10000,2020-01-05T14_43_36,0.9184,0.9359,6.103515625e-05,,False,0.9074813997716736,0.9073814358020488,8.0,,SparsePCA,38470000.0,,,,3767.0,0.176783943147263,,,2.3922778423662905,,0.02887499800999649,0.080322265625,CIFAR-10 Softmax,0,0.045806057751178735,3.67861557006836,-0.007219367584282445,3.301754665594863
512,10,10000,2020-01-05T14_43_57,0.919,0.9359,0.03125,,False,0.9091905454886646,0.9090912845753673,8.0,,SparsePCA,38130000.0,,,,3733.0,0.17374630210640749,,,2.3511718390396887,,0.03038197301793844,0.088623046875,CIFAR-10 Softmax,0,0.045806057751178735,3.67861557006836,-0.00701671207751585,3.2969585517566573
512,10,10000,2020-01-05T14_44_18,0.9195,0.9359,0.0625,,False,0.9100470016639184,0.9099481401813652,8.0,,SparsePCA,37740000.0,,,,3694.0,0.17222988617028326,,,2.3306513767215744,,0.023601124994456768,0.09814453125,CIFAR-10 Softmax,0,0.045806057751178735,3.67861557006836,-0.006904008435215864,3.294402002657572
512,10,10000,2020-01-05T14_44_35,0.9193,0.9359,0.125,,False,0.9107514798532896,0.9106527670784296,8.0,,SparsePCA,37130000.0,,,,3633.0,0.17098702152326292,,,2.3138326685108948,,0.02584569199825637,0.113037109375,CIFAR-10 Softmax,0,0.045806057751178735,3.67861557006836,-0.006852175015796194,3.2921086486351663
512,10,10000,2020-01-05T14_44_54,0.9191,0.9359,0.25,,False,0.9111811780081928,0.9110811363486416,8.0,,SparsePCA,36090000.0,,,,3529.0,0.17024046951609947,,,2.303730168288782,,0.027379517996450886,0.138427734375,CIFAR-10 Softmax,0,0.045806057751178735,3.67861557006836,-0.007143480377947335,3.2898561192078435
512,10,10000,2020-01-05T14_45_13,0.9193,0.9359,0.5,,False,0.9116231784354192,0.911519361473663,8.0,,SparsePCA,33970000.0,,,,3317.0,0.16961109296452384,,,2.29521331120304,,0.03182439098600298,0.190185546875,CIFAR-10 Softmax,0,0.045806057751178735,3.67861557006836,-0.007953429931166921,3.275108567298441
512,10,10000,2020-01-05T14_45_33,0.9195,0.9359,1.0,,False,0.9121171315233259,0.9120105697725844,8.0,,SparsePCA,29530000.0,,,,2873.0,0.16994945695320088,,,2.2997921245180724,,0.028596264019142836,0.298583984375,CIFAR-10 Softmax,0,0.045806057751178735,3.67861557006836,-0.008368584391938574,3.2040952906123916
512,10,10000,2020-01-05T14_45_50,0.9226,0.9359,2.0,,False,0.8173627208130281,0.8172504596078887,8.0,,SparsePCA,19480000.0,,,,1868.0,0.3417961835149164,,,4.625258504088051,,0.03642008500173688,0.5439453125,CIFAR-10 Softmax,0,0.045806057751178735,3.67861557006836,-0.009278392145394549,2.645326870940896
512,10,10000,2020-01-05T14_46_02,0.9189,0.9359,4.0,,False,0.7928048033576479,0.7926615057970581,8.0,,SparsePCA,9330000.0,,,,853.0,0.4498253646908129,,,6.087132313751812,,0.02920232200995088,0.791748046875,CIFAR-10 Softmax,0,0.045806057751178735,3.67861557006836,-0.010516781851150531,1.8881843438167083
512,10,10000,2020-01-05T14_46_11,0.6985,0.9359,8.0,,False,0.5865101451254647,0.5865804374531407,8.0,,SparsePCA,1480000.0,,,,68.0,0.8473886552624643,,,11.467043147511928,,0.03059747299994342,0.9833984375,CIFAR-10 Softmax,0,0.045806057751178735,3.67861557006836,0.015731711726299762,0.5485304336965771
512,10,10000,2020-01-05T14_49_25,0.9339,0.9359,0.5,,False,0.9799534353367249,0.9799142547677442,16.0,,SparsePCA,48790000.0,,,,4719.0,0.08964297563120474,,,1.2130677736250763,,0.02720915799727664,0.4239501953125,CIFAR-10 Softmax,0,0.045806057751178735,3.67861557006836,0.015223283900433938,4.426467683886793
512,10,10000,2020-01-05T14_49_50,0.9343,0.9359,1.0,,False,0.98430217048829,0.9841913975146199,16.0,,SparsePCA,35950000.0,,,,3435.0,0.07142168801545032,,,0.9664934420058224,,0.03398438700241968,0.5806884765625,CIFAR-10 Softmax,0,0.045806057751178735,3.67861557006836,-0.01089969015011181,4.356911089518409
512,10,10000,2020-01-05T14_50_16,0.9331,0.9359,2.0,,False,0.9756708545901768,0.9755413653523228,16.0,,SparsePCA,25990000.0,,,,2439.0,0.051323758467417865,,,0.6945239934278722,,0.03260173700982705,0.7022705078125,CIFAR-10 Softmax,0,0.045806057751178735,3.67861557006836,-0.014229006677554187,3.790298181447892
512,10,10000,2020-01-05T14_50_34,0.9293,0.9359,4.0,,False,0.9155149198703196,0.9153871255188024,16.0,,SparsePCA,11900000.0,,,,1030.0,0.258710838804254,,,3.5009299839853467,,0.03184808400692418,0.874267578125,CIFAR-10 Softmax,0,0.045806057751178735,3.67861557006836,-0.008823650807784217,2.2241516767177374
512,10,10000,2020-01-05T14_50_51,0.8625,0.9359,8.0,,False,0.6152477823463234,0.6153252021563975,16.0,,SparsePCA,2320000.0,,,,72.0,0.8314863514619657,,,11.251849797102155,,0.03132712497608736,0.9912109375,CIFAR-10 Softmax,0,0.045806057751178735,3.67861557006836,0.010809572948877327,0.5778047774719727
512,10,10000,2020-01-05T14_57_07,0.9344,0.9359,1.0,,False,0.9832340977839392,0.9831230838193566,32.0,,SparsePCA,38350000.0,,,,3515.0,0.2930909295497095,,,3.966168669381017,,0.031039746012538668,0.78546142578125,CIFAR-10 Softmax,0,0.045806057751178735,3.67861557006836,-0.013857674700870152,5.491146783311317
512,10,10000,2020-01-05T14_57_35,0.9345,0.9359,2.0,,False,0.977806433570254,0.9776564207042799,32.0,,SparsePCA,27410000.0,,,,2421.0,0.05411816716822829,,,0.7323385251011231,,0.03383019601460546,0.85223388671875,CIFAR-10 Softmax,0,0.045806057751178735,3.67861557006836,-0.019700681414867117,3.963108764157997
512,10,10000,2020-01-05T14_57_55,0.9293,0.9359,4.0,,False,0.9155150189052872,0.915387224114922,32.0,,SparsePCA,13500000.0,,,,1030.0,0.2587110576755149,,,3.500932945797707,,0.030557851016055793,0.9371337890625,CIFAR-10 Softmax,0,0.045806057751178735,3.67861557006836,-0.008823702387440005,2.22414967582678
512,10,10000,2020-01-05T14_58_12,0.8625,0.9359,8.0,,False,0.6152475527475657,0.6153249751054238,32.0,,SparsePCA,3920000.0,,,,72.0,0.8314887023230618,,,11.251881609453497,,0.0252901460044086,0.99560546875,CIFAR-10 Softmax,0,0.045806057751178735,3.67861557006836,0.01081093078198682,0.5777956015270362
512,10,10000,2020-01-27T23_33_17,0.9144,0.9359,,,,0.930353581905365,0.9303340911865234,,2.0,Mithral,5120000.0,,2.0,200000.0,,0.13538409769535065,softmax,,1.8320463895797727,,0.007859342003939673,,CIFAR-10 Softmax,0,0.045806057751178735,3.67861557006836,0.07427738606929779,3.531299591064453
512,10,10000,2020-01-27T23_33_18,0.9144,0.9359,,,,0.930353581905365,0.9303340911865234,,-1.0,Mithral,5120000.0,,2.0,200000.0,,0.13538409769535065,softmax,,1.8320463895797727,,0.0063060249958653,,CIFAR-10 Softmax,0,0.045806057751178735,3.67861557006836,0.0742768868803978,3.531299591064453
512,10,10000,2020-01-27T23_33_32,0.9239,0.9359,,,,0.9481868147850036,0.9481980204582214,,2.0,Mithral,5120000.0,,4.0,400000.0,,0.1014486625790596,softmax,,1.3728247880935671,,0.011628220992861316,,CIFAR-10 Softmax,0,0.045806057751178735,3.67861557006836,0.04454590007662773,3.404994487762451
512,10,10000,2020-01-27T23_33_59,0.9244,0.9359,,,,0.9510613679885864,0.9510682821273804,,4.0,Mithral,5120000.0,,4.0,400000.0,,0.09560251981019974,softmax,,1.2937135696411133,,0.009979613008908927,,CIFAR-10 Softmax,0,0.045806057751178735,3.67861557006836,0.04680608958005905,3.537923574447632
512,10,10000,2020-01-27T23_34_01,0.9244,0.9359,,,,0.9510613679885864,0.9510682821273804,,-1.0,Mithral,5120000.0,,4.0,400000.0,,0.09560251981019974,softmax,,1.2937135696411133,,0.010690848022932187,,CIFAR-10 Softmax,0,0.045806057751178735,3.67861557006836,0.04680608958005905,3.537923574447632
512,10,10000,2020-01-27T23_34_19,0.9247,0.9359,,,,0.955125629901886,0.9551305174827576,,2.0,Mithral,5120000.0,,8.0,800000.0,,0.09361303597688676,softmax,,1.2667914628982544,,0.02049945600447245,,CIFAR-10 Softmax,0,0.045806057751178735,3.67861557006836,0.05028889328241348,3.2315514087677
512,10,10000,2020-01-27T23_34_52,0.9247,0.9359,,,,0.9623037576675416,0.9623089432716372,,4.0,Mithral,5120000.0,,8.0,800000.0,,0.0744287297129631,softmax,,1.0071853399276731,,0.019835685001453385,,CIFAR-10 Softmax,0,0.045806057751178735,3.67861557006836,0.04286959022283554,3.4609687328338623
512,10,10000,2020-01-27T23_34_54,0.9251,0.9359,,,,0.962993323802948,0.9629890918731692,,-1.0,Mithral,5120000.0,,8.0,800000.0,,0.07272747159004211,softmax,,0.9841635823249816,,0.02605148401926272,,CIFAR-10 Softmax,0,0.045806057751178735,3.67861557006836,0.060764674097299576,3.512392044067384
512,10,10000,2020-01-27T23_35_14,0.9315,0.9359,,,,0.9656870365142822,0.9656834602355956,,2.0,Mithral,5120000.0,,16.0,1600000.0,,0.07549554854631424,softmax,,1.021621823310852,,0.04495028598466888,,CIFAR-10 Softmax,0,0.045806057751178735,3.67861557006836,0.0510922372341156,3.2223095893859863
512,10,10000,2020-01-27T23_35_52,0.9316,0.9359,,,,0.9726900458335876,0.9726918935775756,,4.0,Mithral,5120000.0,,16.0,1600000.0,,0.05595249682664871,softmax,,0.7571610808372498,,0.05164242800674401,,CIFAR-10 Softmax,0,0.045806057751178735,3.67861557006836,0.03765987232327461,3.410768747329712
512,10,10000,2020-01-27T23_35_56,0.9314,0.9359,,,,0.9763168096542358,0.9763199090957642,,-1.0,Mithral,5120000.0,,16.0,1600000.0,,0.046986028552055366,softmax,,0.6358249187469482,,0.049111617001472034,,CIFAR-10 Softmax,0,0.045806057751178735,3.67861557006836,0.04393817856907845,3.5411856174468994
512,10,10000,2020-01-27T23_36_18,0.9333,0.9359,,,,0.9710718989372252,0.9710769057273864,,2.0,Mithral,5120000.0,,32.0,3200000.0,,0.06405466794967651,softmax,,0.8668013215065002,,0.10449048300506547,,CIFAR-10 Softmax,0,0.045806057751178735,3.67861557006836,0.038279637694358826,3.263688802719116
512,10,10000,2020-01-27T23_37_02,0.9334,0.9359,,,,0.9788556694984436,0.9788562059402466,,4.0,Mithral,5120000.0,,32.0,3200000.0,,0.045048221945762634,softmax,,0.6096020936965942,,0.08681786298984663,,CIFAR-10 Softmax,0,0.045806057751178735,3.67861557006836,0.038020361214876175,3.392641305923462
512,10,10000,2020-01-27T23_37_06,0.9329999999999999,0.9359,,,,0.9859375357627868,0.9859318137168884,,-1.0,Mithral,5120000.0,,32.0,3200000.0,,0.02795577049255371,softmax,,0.3783034086227417,,0.08332648902432993,,CIFAR-10 Softmax,0,0.045806057751178735,3.67861557006836,0.03623544424772263,3.611019372940064
512,10,10000,2020-01-27T23_37_31,0.9331,0.9359,,,,0.97788268327713,0.9778842329978944,,2.0,Mithral,5120000.0,,64.0,6400000.0,,0.05566007271409035,softmax,,0.7532039284706116,,0.1817265700083226,,CIFAR-10 Softmax,0,0.045806057751178735,3.67861557006836,0.04706527665257454,3.1957807540893555
512,10,10000,2020-01-27T23_38_23,0.9335,0.9359,,,,0.9830037355422974,0.9830062985420228,,4.0,Mithral,5120000.0,,64.0,6400000.0,,0.04139932617545128,softmax,,0.5602244734764099,,0.19347782200202346,,CIFAR-10 Softmax,0,0.045806057751178735,3.67861557006836,0.03886934742331505,3.2935194969177246
512,10,10000,2020-01-27T23_38_34,0.9341,0.9359,,,,0.9911574125289916,0.9911568760871888,,-1.0,Mithral,5120000.0,,64.0,6400000.0,,0.018078455701470368,softmax,,0.2446414977312088,,0.21718217199668288,,CIFAR-10 Softmax,0,0.045806057751178735,3.67861557006836,0.042359676212072365,3.5666091442108154
512,10,10000,2020-01-27T23_38_36,0.9057,0.9359,,,,0.9196978211402892,0.9197021126747132,,1.0,MithralPQ,5120000.0,,2.0,200000.0,,0.1542292982339859,softmax,,2.0870635509490967,,0.00757137601613067,,CIFAR-10 Softmax,0,0.045806057751178735,3.67861557006836,0.06053106486797333,3.4106993675231934
512,10,10000,2020-01-27T23_38_38,0.9191,0.9359,,,,0.9275423288345336,0.9275528192520142,,1.0,MithralPQ,5120000.0,,4.0,400000.0,,0.14575834572315216,softmax,,1.972432971000672,,0.015307943016523497,,CIFAR-10 Softmax,0,0.045806057751178735,3.67861557006836,0.042572103440761566,3.1249392032623287
512,10,10000,2020-01-27T23_38_39,0.9204,0.9359,,,,0.9354405999183656,0.9354444146156312,,1.0,MithralPQ,5120000.0,,8.0,800000.0,,0.14199408888816833,softmax,,1.9214942455291748,,0.02205889398464933,,CIFAR-10 Softmax,0,0.045806057751178735,3.67861557006836,0.047683164477348335,2.9609005451202406
512,10,10000,2020-01-27T23_38_41,0.9317,0.9359,,,,0.9508512020111084,0.9508567452430724,,1.0,MithralPQ,5120000.0,,16.0,1600000.0,,0.11018859595060347,softmax,,1.4910954236984253,,0.04857718700077385,,CIFAR-10 Softmax,0,0.045806057751178735,3.67861557006836,0.0452764704823494,3.057813882827759
512,10,10000,2020-01-27T23_38_43,0.9314,0.9359,,,,0.9577447772026062,0.9577532410621644,,1.0,MithralPQ,5120000.0,,32.0,3200000.0,,0.09439413994550704,softmax,,1.277361512184143,,0.10085226301453076,,CIFAR-10 Softmax,0,0.045806057751178735,3.67861557006836,0.041673876345157616,3.125807046890259
512,10,10000,2020-01-27T23_38_46,0.9326,0.9359,,,,0.9685656428337097,0.9685648679733276,,1.0,MithralPQ,5120000.0,,64.0,6400000.0,,0.08111286908388138,softmax,,1.0976365804672241,,0.1922265899775084,,CIFAR-10 Softmax,0,0.04580605775117874,3.6786155700683594,0.046259451657533646,3.0528881549835205
